replay id;replay title;map;date;result;team name;opposing team name;score;goals;assists;saves;shots;shots conceded;goals conceded;shooting percentage;bpm;avg boost amount;amount collected;amount collected big pads;amount collected small pads;count collected big pads;count collected small pads;amount stolen;amount stolen big pads;amount stolen small pads;count stolen big pads;count stolen small pads;0 boost time;100 boost time;amount used while supersonic;amount overfill total;amount overfill stolen;total distance;time slow speed;time boost speed;time supersonic speed;time on ground;time low in air;time high in air;time powerslide;count powerslide;time in front of ball;time behind ball;time in front of ball;time defensive half;time offensive half;time defensive third;time neutral third;time offensive third;demos inflicted;demos taken
0258ef96-daee-41a6-874c-29c514ee6ca5;PPS vs JJ G5 2020-08-22.11.05;DFH Stadium;2020-08-22 11:05:38;win;PPS;JJ;1862;2;2;11;11;14;1;18.18;1186;138.78;10820;7156;3664;87;307;2185;1092;1093;13;91;221.67;124.91;1372;1487;201;2343555;820.74;647.05;184.96;954.25;586.87;111.61;36.25;329;428.82;1223.91;428.82;1082.93;569.81;791.73;536.87;324.13;1;4
0258ef96-daee-41a6-874c-29c514ee6ca5;PPS vs JJ G5 2020-08-22.11.05;DFH Stadium;2020-08-22 11:05:38;loss;JJ;PPS;1411;1;1;8;14;11;2;7.14;1317;139.52;12101;8386;3715;99;310;2590;1582;1008;19;84;250.28;150.28;2655;1260;339;2558763;681.69;695.75;284.05;989.45;580.19;91.85;43.51;377;395.78;1265.7;395.78;1067.67;593.82;798.67;525.28;337.54;4;1
e59b7073-3fb0-401e-a2fc-944c6e2ae001;SSG vs PK G3 2020-08-22.11.52;DFH Stadium;2020-08-22 11:52:20;win;SPACESTATION;KNIGHTS;1907;5;5;8;9;12;2;55.56;1106;146.97;6700;4815;1885;57;169;993;643;350;8;32;124.69;188.25;1116;933;167;1500556;577.57;392.66;138.09;619.16;438.86;50.31;21.12;192;241.01;867.33;241.01;805.3;303.04;623.36;315.03;169.95;6;2
e59b7073-3fb0-401e-a2fc-944c6e2ae001;SSG vs PK G3 2020-08-22.11.52;DFH Stadium;2020-08-22 11:52:20;loss;KNIGHTS;SPACESTATION;1112;2;2;5;12;9;5;16.67;1190;160.12;7285;4950;2335;61;210;1829;1080;749;14;63;93.06;168.63;1217;1154;223;1504367;545.44;384.69;160.8;659.64;371.21;60.07;20.43;195;299.64;791.28;299.64;698.84;392.09;511.84;369.2;209.88;2;6
47cd32e4-162b-44bf-8981-8116291c0f1d;ALP vs CLT G1 2020-08-22.15.52;DFH Stadium;2020-08-22 15:52:30;loss;CHARLOTTE;ALPINE ESPORTS;823;2;2;1;10;7;5;20;1336;150.64;7999;5210;2789;62;249;1526;725;801;8;70;138.59;97.27;1219;941;95;1681649;435.16;443.54;221.68;636.24;409.27;54.85;25.27;220;314.15;786.21;314.15;711.84;388.53;511.13;375.3;213.95;2;2
47cd32e4-162b-44bf-8981-8116291c0f1d;ALP vs CLT G1 2020-08-22.15.52;DFH Stadium;2020-08-22 15:52:30;win;ALPINE ESPORTS;CHARLOTTE;1502;5;3;6;7;10;2;71.43;1251;155.87;7242;4972;2270;61;201;1543;940;603;12;54;119.65;107.91;1116;1149;277;1588644;489.85;419.3;189.77;635.61;396.67;66.61;26.72;273;297;801.9;297;728.32;370.58;541.05;351.69;206.15;2;2
dfa5b244-99c2-45d3-9689-fad57e2765d2;NRG vs SSG -3-2020-08-22.21.00;Utopia Coliseum (Dusk);2020-08-22 21:00:09;loss;NRG;SPACESTATION;735;0;0;5;7;6;2;0;1203;159.65;6421;4636;1785;60;162;1251;699;552;9;51;97.63;98.34;927;1346;207;1419372;416.38;373.71;162.72;560.19;344.55;48.06;25.26;257;274.71;678.09;274.71;600.83;351.97;431.78;296.92;224.1;4;7
dfa5b244-99c2-45d3-9689-fad57e2765d2;NRG vs SSG -3-2020-08-22.21.00;Utopia Coliseum (Dusk);2020-08-22 21:00:09;win;SPACESTATION;NRG;1166;2;2;7;6;7;0;33.33;1183;148.16;6510;4622;1888;56;154;1167;691;476;8;34;124.94;129.8;880;1031;112;1393823;444.99;400.12;118.43;589.02;325.93;48.58;20.84;190;241.3;722.23;241.3;657.89;305.64;507.8;290.97;164.76;7;4
1ed8ecc6-be26-4d28-a6f7-ac2575b385ef;PPS vs JJ G4 2020-08-22.10.55;DFH Stadium;2020-08-22 10:55:31;loss;PPS;JJ;553;0;0;2;8;6;1;0;1177;142.54;6237;4218;2019;49;170;1330;748;582;9;51;169.82;77.71;818;709;157;1415458;456.18;398.1;118.47;569.19;355.06;48.51;23.39;219;303.92;668.83;303.92;612.2;360.56;460.64;302.01;210.12;2;1
1ed8ecc6-be26-4d28-a6f7-ac2575b385ef;PPS vs JJ G4 2020-08-22.10.55;DFH Stadium;2020-08-22 10:55:31;win;JJ;PPS;1026;1;1;5;6;8;0;16.67;1347;134.41;7294;5110;2184;59;189;1318;646;672;8;61;138.45;104.02;1336;806;160;1494997;390.22;409.31;170.12;551.55;362.13;55.98;23.87;202;232.21;737.44;232.21;624.88;344.79;468.32;302.05;199.3;1;2
ae159d39-448c-4a54-8853-f649d216705c;KCP  vs ALP G1 2020-08-22.15.30;DFH Stadium (Day);2020-08-22 15:30:06;loss;KC PIONEERS;ALPINE ESPORTS;1410;1;0;8;8;13;2;12.5;1213;148.65;11074;7677;3397;99;283;2874;1718;1156;22;93;204.95;185.45;1582;1827;411;2424459;744.65;672.8;212.34;990.86;527.75;111.18;37.68;357;429.2;1200.57;429.2;977.45;652.34;680.28;557.21;392.31;5;3
ae159d39-448c-4a54-8853-f649d216705c;KCP  vs ALP G1 2020-08-22.15.30;DFH Stadium (Day);2020-08-22 15:30:06;win;ALPINE ESPORTS;KC PIONEERS;1498;2;1;4;13;8;1;15.38;1226;160.26;10960;7156;3804;87;335;2027;1206;821;14;75;224.24;154.54;1827;1728;208;2453420;699.84;671.95;251.94;931.57;579.59;112.56;36.93;346;459.24;1164.48;459.24;1127.16;496.57;844.09;490.66;288.96;3;5
efe65d28-b336-43ab-84c3-ce1d615dbf46;V1 vs CTM G4 2020-08-22.15.55;DFH Stadium;2020-08-22 15:55:39;win;VERSION1;CONTINUUM;1005;2;2;3;9;6;1;22.22;1300;152.8;8670;6036;2634;72;231;2790;1926;864;22;77;122.67;100.62;826;1196;275;1786468;513.98;505.04;177.34;655.97;467.52;72.87;23.82;213;296.34;900.03;296.34;610.12;586.23;385.66;464.78;345.94;3;2
efe65d28-b336-43ab-84c3-ce1d615dbf46;V1 vs CTM G4 2020-08-22.15.55;DFH Stadium;2020-08-22 15:55:39;loss;CONTINUUM;VERSION1;1207;1;1;7;6;9;2;16.67;1106;137.44;7356;5132;2224;61;197;1498;961;537;11;47;154.05;143.22;1081;1015;149;1721163;576.7;471.17;144.9;675.88;440.77;76.12;18.14;160;383.78;809;383.78;907.4;285.37;682.85;374.32;135.61;2;3
6f232aec-435f-4fc4-bb35-496b0c9bc198;ALP vs TFL G2 2020-08-22.17.43;DFH Stadium;2020-08-22 17:43:31;win;ALPINE ESPORTS;TEAM FRONTLINE;790;1;1;3;5;3;0;20;1213;167.82;6584;4552;2032;57;186;1938;1255;683;14;62;73.7;155.46;1052;1215;162;1462437;446.29;381.96;151.45;568;351.27;60.43;24;227;263.31;716.38;263.31;613.7;366;405.67;372.64;201.39;5;2
6f232aec-435f-4fc4-bb35-496b0c9bc198;ALP vs TFL G2 2020-08-22.17.43;DFH Stadium;2020-08-22 17:43:31;loss;TEAM FRONTLINE;ALPINE ESPORTS;592;0;0;3;3;5;1;0;1028;154.36;5482;3383;2099;42;183;1044;540;504;7;46;117.32;51.47;435;892;178;1393848;478.4;382.35;110.03;552.64;352.19;65.92;20.83;244;282.02;688.74;282.02;645.34;325.42;442.05;371.13;157.59;2;5
5ec85758-1d46-4d32-8854-c3a03fe7f458;NV vs 72 G1 2020-08-22.09.37;Mannfield (Night);2020-08-22 09:37:55;win;TEAM ENVY;72PC;971;3;2;2;6;3;1;50;1069;157.29;6404;4585;1819;59;164;1615;1126;489;13;43;110.27;85.4;620;1293;180;1458634;480.81;389.5;144.15;542.34;428.78;43.35;21.34;164;272.38;742.1;272.38;662.91;351.56;477.08;332.28;205.13;4;6
5ec85758-1d46-4d32-8854-c3a03fe7f458;NV vs 72 G1 2020-08-22.09.37;Mannfield (Night);2020-08-22 09:37:55;loss;72PC;TEAM ENVY;720;1;1;3;3;6;3;33.33;1181;148.41;6893;4816;2077;56;188;1707;1052;655;13;62;120.52;84.86;1101;747;271;1522984;431.07;429.38;160.09;609.21;375.34;36.01;27.26;241;323.39;697.15;323.39;636.37;384.18;468.08;331.68;220.77;6;4
7372f822-087b-4572-9557-c84f7032eff2;PPS vs TFL G3 2020-08-22.14.06;Mannfield (Night);2020-08-22 14:06:13;loss;PPS;TEAM FRONTLINE;865;0;0;5;6;11;3;0;1138;132.54;6209;4431;1778;52;155;1484;1035;449;11;40;150.85;80.19;939;771;62;1409159;464.51;389.45;130.73;540.15;381.78;62.74;22.49;226;297.53;687.14;297.53;655.04;329.63;495.48;306.06;183.13;0;1
7372f822-087b-4572-9557-c84f7032eff2;PPS vs TFL G3 2020-08-22.14.06;Mannfield (Night);2020-08-22 14:06:13;win;TEAM FRONTLINE;PPS;1136;3;1;5;11;6;0;27.27;1240;155.18;6759;4802;1957;59;182;1846;1200;646;15;58;105.28;102.01;861;1189;320;1464225;450.9;392.16;143.97;602.21;329.8;55;25.01;263;232.17;754.86;232.17;607.42;379.6;410.52;354.31;222.19;1;0
1eb484e7-4458-42cb-b5dd-28156247c2f8;PPS vs KCP G1 2020-08-22.14.07;DFH Stadium (Day);2020-08-22 14:07:32;win;PPS;KC PIONEERS;1259;4;3;1;12;2;1;33.33;1284;143.83;7421;5234;2187;62;195;1452;866;586;10;51;139.38;100.04;1251;1046;140;1549012;448.97;451;157.29;615.12;375.98;66.17;24.57;253;248.57;808.7;248.57;675.18;382.1;499.39;335.46;222.42;6;1
1eb484e7-4458-42cb-b5dd-28156247c2f8;PPS vs KCP G1 2020-08-22.14.07;DFH Stadium (Day);2020-08-22 14:07:32;loss;KC PIONEERS;PPS;1022;1;1;7;2;12;4;50;1201;144.64;7161;5052;2109;62;185;1273;745;528;9;48;134.02;87.76;821;1154;153;1491959;480.48;436.77;124.93;636.48;358.84;46.84;20.59;206;327.02;715.14;327.02;695.24;346.92;521.75;331.2;189.23;1;6
887d0747-c290-4576-b4d7-37e009288c71;72 vs PK G3 2020-08-22.16.01;DFH Stadium;2020-08-22 16:01:24;loss;72PC;KNIGHTS;749;0;0;6;3;10;3;0;1200;150.1;6551;4480;2071;53;185;1312;799;513;9;47;97.49;86.88;951;782;109;1482913;448.12;426.86;137.53;547.78;417.6;47.13;24.48;230;362.75;649.75;362.75;651.69;360.82;458.08;360.38;194.05;2;2
887d0747-c290-4576-b4d7-37e009288c71;72 vs PK G3 2020-08-22.16.01;DFH Stadium;2020-08-22 16:01:24;win;KNIGHTS;72PC;1006;3;2;3;10;3;0;30;1258;149.89;6984;4905;2079;62;187;1568;1010;558;13;50;102.16;116.91;1203;1274;209;1511903;457.81;387.05;171.79;601.39;366.87;48.42;21.97;213;246.37;770.3;246.37;644.45;372.21;466.26;345.4;205;2;2
81b91f45-e13d-4fce-9090-d6ba8af20cb4;TFL vs PK G1 2020-08-22.20.19;DFH Stadium;2020-08-22 20:19:11;loss;TEAM FRONTLINE;KNIGHTS;1011;2;2;3;9;7;3;22.22;1202;144.62;7005;4808;2197;59;191;1478;894;584;10;47;119.42;68.84;723;866;128;1502391;508.16;411.65;143.12;583.54;421.33;58.07;24.69;285;301.25;761.7;301.25;683.59;379.35;503.44;333.8;225.7;9;2
81b91f45-e13d-4fce-9090-d6ba8af20cb4;TFL vs PK G1 2020-08-22.20.19;DFH Stadium;2020-08-22 20:19:11;win;KNIGHTS;TEAM FRONTLINE;1168;3;3;5;7;9;2;42.86;1155;154.96;7012;4993;2019;62;184;1454;1007;447;13;42;82.21;142.21;963;1167;325;1397822;555.24;339.01;147.35;608.86;366.06;66.68;21.13;181;212.7;828.89;212.7;713.97;327.62;533.85;326.3;181.45;2;9
7f9c7b36-fcc4-49db-8c10-847e404c4b48;" NRG vs V1 G3 2020-08-22.12.50";DFH Stadium (Day);2020-08-22 12:50:48;win;NRG;VERSION1;1304;4;4;2;11;6;1;36.36;1171;148.34;6700;4484;2216;57;197;1137;544;593;7;52;90.47;118.87;1021;1281;173;1504244;480.52;386.53;167.66;600.23;366.29;68.18;22.91;253;253.28;781.41;253.28;721.55;313.17;558.37;306.14;170.19;4;3
7f9c7b36-fcc4-49db-8c10-847e404c4b48;" NRG vs V1 G3 2020-08-22.12.50";DFH Stadium (Day);2020-08-22 12:50:48;loss;VERSION1;NRG;843;1;0;5;6;11;4;16.67;1229;148.55;7029;4726;2303;59;191;1629;847;782;11;60;89.69;83.77;830;1156;221;1482790;489.44;401.3;142.84;570.17;398.18;65.23;19.28;187;327.47;706.11;327.47;623.77;409.8;451.73;346.57;235.28;3;4
3df41569-dc20-4516-8f49-0da999b041c9;SQ vs TFL -2-2020-08-23.00.36;Urban Central (Dawn);2020-08-23 00:36:58;loss;SONIQS;TEAM FRONTLINE;662;1;1;1;4;5;2;25;1079;157.37;6082;4008;2074;47;186;1491;814;677;10;62;100.24;104.78;618;757;196;1393209;525.98;371.72;104.43;562.77;376.69;62.68;24.77;215;367.65;634.48;367.65;634.91;367.22;465.93;340.48;195.71;5;0
3df41569-dc20-4516-8f49-0da999b041c9;SQ vs TFL -2-2020-08-23.00.36;Urban Central (Dawn);2020-08-23 00:36:58;win;TEAM FRONTLINE;SONIQS;946;2;2;2;5;4;1;40;1265;157.52;7132;5250;1882;60;174;1839;1200;639;14;59;88.16;88.12;622;798;208;1363150;517.96;354.98;114.31;562.72;345.85;78.69;23.12;230;192.58;794.66;192.58;596.48;390.78;441.56;300.7;245.01;0;5
65ca4b44-4052-486c-a781-567904093e37;NRG vs 72 G2 2020-08-22.15.18;Urban Central (Dawn);2020-08-22 15:18:31;win;NRG;72PC;1171;3;2;5;5;6;0;60;1218;161.88;6739;5039;1700;60;159;1365;869;496;10;46;68.62;160.23;995;1117;149;1476371;443.75;396.43;157.77;548.55;381.99;67.4;23.56;235;269.89;728.05;269.89;643.09;354.87;456.46;339.78;201.71;2;3
65ca4b44-4052-486c-a781-567904093e37;NRG vs 72 G2 2020-08-22.15.18;Urban Central (Dawn);2020-08-22 15:18:31;loss;72PC;NRG;597;0;0;3;6;5;3;0;1150;154.89;6445;4142;2303;48;205;1304;730;574;8;53;86.5;97.65;837;765;90;1462920;437.5;428.4;132.99;582.97;379.16;36.75;25.05;255;310.94;687.94;310.94;674.11;324.76;482.58;330.28;186.02;3;2
14fa4708-43ea-46dc-9442-2623985bb692;NV vs 72 G2 2020-08-22.09.44;Mannfield (Night);2020-08-22 09:44:12;win;TEAM ENVY;72PC;715;1;1;2;8;3;0;12.5;1124;163.91;6251;4235;2016;56;179;1375;828;547;10;52;106.57;125.24;907;1416;229;1486388;447.17;402.2;133.91;566.99;351.35;64.95;23.43;166;220.8;762.49;220.8;587.78;395.5;361.15;407.13;215;5;1
14fa4708-43ea-46dc-9442-2623985bb692;NV vs 72 G2 2020-08-22.09.44;Mannfield (Night);2020-08-22 09:44:12;loss;72PC;TEAM ENVY;813;0;0;6;3;8;1;0;1144;145.66;6362;4171;2191;49;193;1797;1235;562;14;50;101.89;73.44;640;752;173;1407531;465.71;411.33;96.16;546.91;357.04;69.24;22.27;221;318.66;654.55;318.66;695.34;277.86;526.2;298.86;148.15;1;5
88ff0bc1-988c-44b6-8d9b-7c743e81f200;PPS vs JJ G1 2020-08-22.10.36;DFH Stadium;2020-08-22 10:36:35;loss;PPS;JJ;930;1;1;5;7;12;2;14.29;1195;131.27;6277;4438;1839;50;166;1100;631;469;7;42;135.7;71.69;888;558;72;1414609;487.86;382.16;126.15;556.54;378.26;61.38;15.82;171;296.04;700.13;296.04;671.93;324.24;502.89;309.6;183.68;3;7
88ff0bc1-988c-44b6-8d9b-7c743e81f200;PPS vs JJ G1 2020-08-22.10.36;DFH Stadium;2020-08-22 10:36:35;win;JJ;PPS;1024;2;2;4;12;7;1;16.67;1303;142.18;7414;5013;2401;62;199;1864;1154;710;12;63;111.88;88.43;1659;1129;55;1536897;421.43;401.47;185.14;608.85;347.76;51.41;23.35;223;226.55;781.49;226.55;650.51;357.51;475.41;326.78;205.83;7;3
8ac5fdb0-829f-4704-8304-620896ebbccf;" NRG vs V1 G2 2020-08-22.12.44";DFH Stadium (Day);2020-08-22 12:44:18;win;NRG;VERSION1;1086;3;1;3;6;5;1;50;1134;148.81;6513;4465;2048;52;184;1333;873;460;9;44;88.09;100.04;840;637;54;1433209;479.63;385.08;139.93;555.45;387.23;61.94;20.56;222;248.24;756.37;248.24;660.63;344;503.35;315.14;186.13;2;3
8ac5fdb0-829f-4704-8304-620896ebbccf;" NRG vs V1 G2 2020-08-22.12.44";DFH Stadium (Day);2020-08-22 12:44:18;loss;VERSION1;NRG;855;1;1;3;5;6;3;20;1184;161.49;6784;4725;2059;61;181;1857;1290;567;16;52;99.15;87.67;767;1357;310;1448106;476.87;396.83;133.32;591.38;353.19;62.47;19.61;183;300.32;706.7;300.32;630.39;376.64;456.18;326.68;224.16;3;2
c2284d82-9c13-456e-ab3e-47b2725610c6;CLT vs JJ G3 2020-08-22.14.36;DFH Stadium;2020-08-22 14:36:35;loss;CHARLOTTE;JJ;766;0;0;4;6;7;1;0;1162;150.71;7563;4659;2904;59;261;1791;927;864;12;76;134.97;123.64;1095;1284;281;1800952;483.19;526.54;167.04;657.5;429.77;89.5;27.75;234;335.87;840.91;335.87;787.3;389.47;597.26;372.91;206.59;6;5
c2284d82-9c13-456e-ab3e-47b2725610c6;CLT vs JJ G3 2020-08-22.14.36;DFH Stadium;2020-08-22 14:36:35;win;JJ;CHARLOTTE;1037;1;1;4;7;6;0;14.29;1341;150.21;8590;5586;3004;73;249;1624;797;827;11;73;160.3;110.61;1568;1760;300;1840036;479.53;486.25;208.18;676.82;420.17;76.97;30.96;276;307.2;866.76;307.2;733.58;440.38;528.48;385.31;260.17;5;6
1b5b4323-574d-438c-af3d-423050f720c4;NRG vs KCP G2 2020-08-22.16.40;Urban Central (Dawn);2020-08-22 16:40:42;win;NRG;KC PIONEERS;1032;2;1;5;10;7;1;20;1240;154.16;6903;4797;2106;59;186;1320;772;548;9;52;117.22;112.48;857;1194;135;1471645;406.66;407.48;168.79;542.6;386.84;53.47;28.61;285;227.83;755.1;227.83;635.72;347.22;467.82;313.17;201.95;4;5
1b5b4323-574d-438c-af3d-423050f720c4;NRG vs KCP G2 2020-08-22.16.40;Urban Central (Dawn);2020-08-22 16:40:42;loss;KC PIONEERS;NRG;1155;1;0;8;7;10;2;14.29;1255;141.89;6656;5018;1638;59;148;1319;877;442;9;43;143.07;73.06;1071;903;27;1478753;424.06;391.74;168.44;579.38;346.16;58.71;26.58;236;308.28;675.96;308.28;640.07;344.18;482.73;303.01;198.51;5;4
e4ec9823-4b67-4c01-ae86-75e0abd224eb;SQ vs V1 -5-2020-08-22.23.25;Champions Field;2020-08-22 23:25:45;win;SONIQS;VERSION1;871;1;1;4;10;5;0;10;1170;165.11;6190;4179;2011;56;183;1571;903;668;11;62;82.2;89.28;898;1399;220;1441985;436.78;398.68;126.82;565.6;350.36;46.32;27.19;244;263.57;698.72;263.57;554.95;407.34;354.19;367.35;240.76;1;1
e4ec9823-4b67-4c01-ae86-75e0abd224eb;SQ vs V1 -5-2020-08-22.23.25;Champions Field;2020-08-22 23:25:45;loss;VERSION1;SONIQS;909;0;0;7;5;10;1;0;1148;147.74;6175;3989;2186;49;196;1403;819;584;11;51;119.96;72.31;718;958;288;1393282;441.98;403.81;116.64;515.03;393.73;53.67;18.69;181;333.5;628.94;333.5;660.04;302.39;498.77;295.16;168.5;1;1
673b5cfd-a283-40f5-aebb-ed983ff2a822;NRG vs 72 G1 2020-08-22.15.11;DFH Stadium;2020-08-22 15:11:26;win;NRG;72PC;1569;5;5;2;15;2;0;33.33;1226;163.86;7191;5026;2165;62;186;1774;833;941;11;78;89.17;141.23;918;1241;296;1591790;460.39;443.09;173.62;595.34;403.63;78.12;24.4;281;235.57;841.51;235.57;582.33;494.75;381.7;388.24;307.12;5;1
673b5cfd-a283-40f5-aebb-ed983ff2a822;NRG vs 72 G1 2020-08-22.15.11;DFH Stadium;2020-08-22 15:11:26;loss;72PC;NRG;988;0;0;8;2;15;5;0;1012;138.7;5992;4012;1980;48;166;1221;794;427;8;29;133.08;102.12;595;819;10;1472866;523.23;432.71;108.47;572.13;417.45;74.84;28.67;253;353.61;710.8;353.61;796.39;268.02;637.48;281.91;145.03;1;5
e8bb72fb-e1b8-4355-9d2f-3ed11caf26e3;KCP  vs ALP G4 2020-08-22.15.49;DFH Stadium (Day);2020-08-22 15:49:13;win;KC PIONEERS;ALPINE ESPORTS;1245;2;2;6;5;6;1;40;1288;145.41;7488;5235;2253;62;190;1824;1012;812;12;71;129.18;79.21;1111;937;200;1570807;390.7;462.35;169.76;600.53;348.41;73.88;24.14;245;252.15;770.66;252.15;567.06;455.75;381.66;373.93;267.23;8;0
e8bb72fb-e1b8-4355-9d2f-3ed11caf26e3;KCP  vs ALP G4 2020-08-22.15.49;DFH Stadium (Day);2020-08-22 15:49:13;loss;ALPINE ESPORTS;KC PIONEERS;976;1;1;4;6;5;2;16.67;1152;148.27;6337;3889;2448;48;200;925;284;641;3;44;139.89;117.04;1108;897;36;1404661;490.18;396.31;113.84;591.46;351.59;57.31;22.04;218;299.61;700.75;299.61;744.86;255.49;574.94;292.67;132.73;0;8
48364f64-d76b-422a-a191-9733ac669a78;ALP vs CLT G4 2020-08-22.16.15;Mannfield (Night);2020-08-22 16:15:25;loss;CHARLOTTE;ALPINE ESPORTS;844;0;0;6;5;10;3;0;1314;150.33;7469;5195;2274;63;200;1705;890;815;11;71;155.51;77.57;1447;1142;209;1580071;388.89;440.23;186.09;589.92;386.18;39.12;25.44;224;335.79;679.43;335.79;619.58;395.65;433.21;349.55;232.46;4;1
48364f64-d76b-422a-a191-9733ac669a78;ALP vs CLT G4 2020-08-22.16.15;Mannfield (Night);2020-08-22 16:15:25;win;ALPINE ESPORTS;CHARLOTTE;1172;3;2;5;10;5;0;30;1137;148.23;6457;4231;2226;53;184;1565;891;674;11;59;135.32;94.74;929;1040;123;1464981;464.5;395.22;146.29;583.35;373.36;49.29;23.83;244;256.33;749.68;256.33;670.03;335.96;499.2;311.61;195.19;1;4
1d8f4cb5-416e-4bf4-91f9-237cf1d6a022;NRG vs KCP G3 2020-08-22.16.47;Utopia Coliseum (Dusk);2020-08-22 16:47:29;win;NRG;KC PIONEERS;763;1;0;3;6;6;0;16.67;1179;156.7;6943;4786;2157;60;190;1379;744;635;8;55;105.23;123.38;966;1309;61;1570380;412.6;433.21;169.88;572.05;360.79;82.85;22.52;235;235.9;779.78;235.9;649.36;366.33;470.11;317.45;228.13;3;3
1d8f4cb5-416e-4bf4-91f9-237cf1d6a022;NRG vs KCP G3 2020-08-22.16.47;Utopia Coliseum (Dusk);2020-08-22 16:47:29;loss;KC PIONEERS;NRG;848;0;0;5;6;6;1;0;1176;139.38;6564;4844;1720;58;152;1161;701;460;8;41;156.69;62.6;836;882;101;1519749;433.83;460.77;121.03;574.09;362.69;78.85;22.19;210;342.01;673.63;342.01;694.52;321.11;512.35;333.46;169.83;3;3
6c27c389-2741-4f44-8065-46bb833e9a1e;CLT vs JJ G1 2020-08-22.14.23;DFH Stadium;2020-08-22 14:23:15;win;CHARLOTTE;JJ;1047;2;2;4;6;7;1;33.33;1151;161.55;6488;4181;2307;51;207;1171;720;451;9;42;115.83;106.68;898;1010;187;1456241;454.44;393.85;141.91;577.06;346.2;66.94;21.22;187;257.58;732.62;257.58;673.74;316.47;502.89;297.36;189.95;0;3
6c27c389-2741-4f44-8065-46bb833e9a1e;CLT vs JJ G1 2020-08-22.14.23;DFH Stadium;2020-08-22 14:23:15;loss;JJ;CHARLOTTE;873;1;1;2;7;6;2;14.29;1380;143.01;7592;5174;2418;58;205;1992;1224;768;14;61;116.87;83.69;1275;667;176;1529082;410.06;394.76;194.44;554.1;373.72;71.45;23.64;202;284.57;714.7;284.57;652.69;346.57;481.57;304.37;213.33;3;0
8d4fd111-5115-4399-bf1b-0f135131f1c6;TFL vs PK G2 2020-08-22.20.26;DFH Stadium;2020-08-22 20:26:14;win;TEAM FRONTLINE;KNIGHTS;1415;4;3;4;11;5;0;36.36;1239;147.6;7160;5147;2013;61;180;1960;1304;656;16;58;126.84;80.94;737;995;309;1448669;487.23;412.53;118.1;585.24;362.65;69.99;22.31;255;211.76;806.11;211.76;599.69;418.18;417.4;355.15;245.32;0;2
8d4fd111-5115-4399-bf1b-0f135131f1c6;TFL vs PK G2 2020-08-22.20.26;DFH Stadium;2020-08-22 20:26:14;loss;KNIGHTS;TEAM FRONTLINE;741;0;0;4;5;11;4;0;1191;153.18;6763;4587;2176;54;194;1693;1134;559;13;49;87.8;117.57;885;839;124;1452443;498.5;363.22;162.27;584.44;379.2;60.34;20.84;180;329.73;694.25;329.73;728.89;295.1;555.51;310;158.47;2;0
40d9f437-4df5-435d-bfa4-c0e881ca8532;RGE vs G2 -2-2020-08-22.23.48;Urban Central (Dawn);2020-08-22 23:48:49;loss;ROGUE;G2 ESPORTS;963;1;1;5;6;10;2;16.67;1333;130.24;8348;5997;2351;71;207;1689;1031;658;14;57;208.57;98.03;1806;1027;286;1726030;464.83;436.2;224.2;643.07;420.5;61.64;23.57;219;329.14;796.09;329.14;721.65;403.56;522.08;364.11;239.03;9;3
40d9f437-4df5-435d-bfa4-c0e881ca8532;RGE vs G2 -2-2020-08-22.23.48;Urban Central (Dawn);2020-08-22 23:48:49;win;G2 ESPORTS;ROGUE;1122;2;2;3;10;6;1;20;1261;137.7;7753;4933;2820;60;234;2084;1070;1014;14;82;182.94;75.1;1267;1100;331;1711874;420.88;491.87;191.29;582.83;452.35;68.87;29.09;272;335.2;768.84;335.2;659.82;444.21;475.41;375.09;253.56;3;9
5f2ac24e-c11c-4598-a688-a90fed8e626d;CLT vs RGE G4 2020-08-22.13.00;DFH Stadium;2020-08-22 13:00:51;win;ROGUE;CHARLOTTE;1170;2;2;5;9;5;1;22.22;1358;140.52;7439;5547;1892;64;168;2098;1401;697;16;69;114.76;147.02;1499;967;236;1513443;404.44;400.79;183.06;571.53;341.79;74.98;16.03;163;283.73;704.55;283.73;540.55;447.73;363.88;333.88;290.53;6;4
5f2ac24e-c11c-4598-a688-a90fed8e626d;CLT vs RGE G4 2020-08-22.13.00;DFH Stadium;2020-08-22 13:00:51;loss;CHARLOTTE;ROGUE;953;1;1;5;5;9;2;20;1156;129.31;6093;3560;2533;41;222;1041;435;606;5;54;162.91;68.47;796;571;82;1448341;454.32;384.65;143.3;551.1;372.26;58.91;24;199;260;722.26;260;729.12;253.13;571.38;260.83;150.06;4;6
60b26b1b-e2e0-42e4-8530-d6e0d1781b58;PPS vs KCP G3 2020-08-22.14.20;DFH Stadium (Day);2020-08-22 14:20:55;win;PPS;KC PIONEERS;1111;3;3;4;6;7;2;50;1267;135.58;6987;4981;2006;61;177;1426;877;549;10;47;167.83;108.08;1019;1075;138;1497237;474.61;416.2;149.87;566.38;387.15;87.14;21.33;218;260.32;780.35;260.32;688.92;351.75;495.78;337.03;207.86;5;5
60b26b1b-e2e0-42e4-8530-d6e0d1781b58;PPS vs KCP G3 2020-08-22.14.20;DFH Stadium (Day);2020-08-22 14:20:55;loss;KC PIONEERS;PPS;837;2;2;2;7;6;3;28.57;1115;145.91;6303;4323;1980;52;179;1506;1027;479;12;43;120.99;111.5;1013;891;186;1456131;520.93;387.32;133.29;665.09;311.98;64.49;21.7;210;302.24;739.31;302.24;695.63;345.91;495.52;367.33;178.7;5;5
b8b07c19-4fa7-4a2b-b352-46020784f541;ALP vs CLT G3 2020-08-22.16.08;Utopia Coliseum (Dusk);2020-08-22 16:08:12;win;CHARLOTTE;ALPINE ESPORTS;1208;2;0;6;10;8;1;20;1300;153.98;7783;5491;2292;67;194;1183;583;600;7;52;127.52;108.02;1456;1232;116;1669642;420.12;468.86;192.93;632.43;380.76;68.73;25.39;222;241.38;840.55;241.38;705.18;376.74;507.12;365.55;209.26;3;2
b8b07c19-4fa7-4a2b-b352-46020784f541;ALP vs CLT G3 2020-08-22.16.08;Utopia Coliseum (Dusk);2020-08-22 16:08:12;loss;ALPINE ESPORTS;CHARLOTTE;1095;1;1;7;8;10;2;12.5;1185;160.33;7308;4795;2513;57;210;1081;585;496;6;45;122.05;113.44;903;859;21;1628643;462.05;443.17;174.84;615.48;397.87;66.71;20.3;219;343.63;736.43;343.63;735.16;344.89;532.08;349.7;198.28;2;3
12c362f0-2f6e-4397-a369-0f7bbf240141;CLT vs RGE G2 2020-08-22.12.47;DFH Stadium;2020-08-22 12:47:40;loss;ROGUE;CHARLOTTE;1013;1;1;5;5;7;2;20;1313;132.16;7263;5265;1998;57;178;1982;1286;696;13;61;183.57;114.04;1243;502;21;1517725;471.47;379.78;177.16;578.02;361.48;88.91;17.66;178;337.12;691.29;337.12;639.29;389.12;481;305.02;242.38;7;6
12c362f0-2f6e-4397-a369-0f7bbf240141;CLT vs RGE G2 2020-08-22.12.47;DFH Stadium;2020-08-22 12:47:40;win;CHARLOTTE;ROGUE;967;2;1;3;7;5;1;28.57;1206;144.3;6992;4565;2427;56;216;1348;560;788;7;70;132.19;75.25;1115;1005;137;1569169;404.24;445.01;175.93;597.59;371.22;56.36;22.66;192;241.98;783.22;241.98;675.7;349.48;499.88;317.7;207.6;6;7
c22fe9c0-b41b-478a-b681-2e37b4bd6a72;V1 vs CTM G3 2020-08-22.15.47;DFH Stadium;2020-08-22 15:47:51;win;VERSION1;CONTINUUM;1569;5;4;6;7;10;2;71.43;1185;141.97;7387;5105;2282;59;192;1351;863;488;10;44;121.33;92.77;702;825;140;1557117;527.62;415.06;156.42;552.34;472.83;73.92;17.91;172;321.76;777.33;321.76;756.66;342.42;570.44;347.54;181.12;2;1
c22fe9c0-b41b-478a-b681-2e37b4bd6a72;V1 vs CTM G3 2020-08-22.15.47;DFH Stadium;2020-08-22 15:47:51;loss;CONTINUUM;VERSION1;835;2;1;2;10;7;5;20;1120;138.69;6783;4865;1918;59;177;1596;925;671;12;62;124.95;129.35;1079;929;283;1574484;504.42;446.49;145.15;649.51;385.45;61.09;18.01;164;320.76;775.3;320.76;641.2;454.86;467.7;355.71;272.65;1;2
ec07f54d-06c2-4c8c-a1d6-939a9eadcafe;TFL vs PK G3 2020-08-22.20.33;DFH Stadium;2020-08-22 20:33:21;loss;TEAM FRONTLINE;KNIGHTS;623;0;0;3;3;6;2;0;1317;149.6;6741;4663;2078;57;179;1319;927;392;13;37;103.35;80.31;834;1077;396;1455777;414.11;422.19;127.76;529.32;355.98;78.78;20.38;229;288;676.07;288;655.31;308.76;445.73;342.05;176.28;2;1
ec07f54d-06c2-4c8c-a1d6-939a9eadcafe;TFL vs PK G3 2020-08-22.20.33;DFH Stadium;2020-08-22 20:33:21;win;KNIGHTS;TEAM FRONTLINE;784;2;1;2;6;3;0;33.33;1155;164.49;6276;4088;2188;53;192;1212;679;533;11;49;77.01;138.01;972;1308;421;1380875;488.21;330.11;143.01;560.07;345.19;56.06;23.47;199;212.28;749.05;212.28;668.85;292.47;489.31;317;155;1;2
66fe3762-08ba-46db-a512-0cc42eb9263d;NV vs 72 G3 2020-08-22.09.50;Mannfield (Night);2020-08-22 09:50:35;loss;TEAM ENVY;72PC;882;1;1;5;5;7;2;20;1135;163.52;6450;4991;1459;65;138;1800;1292;508;14;49;87.7;135.01;830;1597;130;1451724;494.56;392.96;122.86;567.6;371.12;71.67;22.95;162;250.5;759.88;250.5;608.78;401.6;464.83;321.52;224.02;5;2
66fe3762-08ba-46db-a512-0cc42eb9263d;NV vs 72 G3 2020-08-22.09.50;Mannfield (Night);2020-08-22 09:50:35;win;72PC;TEAM ENVY;952;2;1;4;7;5;1;28.57;1194;133.34;6537;4081;2456;47;196;1264;483;781;6;55;148.93;88.41;874;662;124;1471564;456.83;402.17;142.49;555.55;388.64;57.29;19.86;204;273.34;728.15;273.34;661.58;339.91;479.34;332.51;189.65;2;5
c477ddcf-7017-4876-bf54-32bfb30b0400;" NRG vs V1 G1 2020-08-22.12.37";DFH Stadium (Day);2020-08-22 12:37:48;win;NRG;VERSION1;1161;2;2;6;6;9;1;33.33;1152;164.28;6488;4476;2012;54;175;1458;937;521;11;47;86.82;132.32;988;1035;188;1455341;448.4;390.18;154.43;551.06;380.13;61.82;20.62;217;260.37;732.63;260.37;614.97;378.05;434.45;347.5;211.07;4;3
c477ddcf-7017-4876-bf54-32bfb30b0400;" NRG vs V1 G1 2020-08-22.12.37";DFH Stadium (Day);2020-08-22 12:37:48;loss;VERSION1;NRG;967;1;1;4;9;6;2;11.11;1103;158.82;6146;3996;2150;53;197;1224;654;570;8;50;85.33;109.65;823;1427;152;1402129;476.76;387.05;126.74;562.11;374.79;53.62;19.81;190;282.93;707.59;282.93;665.77;324.75;518.01;278.29;194.23;3;4
d6f6fe61-dabb-47ca-955f-05d497940387;RGE vs NV -4-2020-08-22.20.30;Mannfield (Night);2020-08-22 20:30:51;win;TEAM ENVY;ROGUE;1584;4;2;7;13;12;3;30.77;1103;157.95;7041;4873;2168;58;177;1594;969;625;13;57;140.5;99.93;732;1008;362;1591572;518.26;450.01;152.99;619.98;418.78;82.51;23.02;173;262.74;858.51;262.74;756.75;364.51;577.74;330.22;213.29;2;0
d6f6fe61-dabb-47ca-955f-05d497940387;RGE vs NV -4-2020-08-22.20.30;Mannfield (Night);2020-08-22 20:30:51;loss;ROGUE;TEAM ENVY;1615;3;2;10;12;13;4;25;1312;137.52;7809;5580;2229;66;189;1713;956;757;11;60;169.33;102.12;1596;987;156;1615299;504.83;411.16;197.64;643.77;378.39;91.49;24.05;228;358.74;754.92;358.74;725.34;388.31;570.05;292.59;251.02;0;2
a4021f87-6703-4a38-88de-464c13a2c2ea;NRG vs SSG -2-2020-08-22.20.53;Urban Central (Dawn);2020-08-22 20:53:24;win;SPACESTATION;NRG;1302;3;3;5;8;7;2;37.5;1210;145.76;7310;5234;2076;64;176;1722;940;782;10;62;112.29;136.05;1167;1066;74;1531743;491.36;409.54;161.58;635.11;374.32;53.07;23.84;211;260.1;802.39;260.1;685.52;376.96;513.44;332.89;216.16;3;3
a4021f87-6703-4a38-88de-464c13a2c2ea;NRG vs SSG -2-2020-08-22.20.53;Urban Central (Dawn);2020-08-22 20:53:24;loss;NRG;SPACESTATION;1085;2;2;4;7;8;3;28.57;1163;154.44;6750;4624;2126;57;189;1361;807;554;10;50;72.19;140.13;1022;1132;193;1536684;471.58;426.27;164.04;628.71;364.63;68.54;23.61;247;322.44;739.45;322.44;734.94;326.96;548.33;330.98;182.59;3;3
81f6d8c7-7cad-4473-b4c5-59a3ab32f476;SQ vs TFL -4-2020-08-23.00.54;Mannfield (Night);2020-08-23 00:54:40;win;SONIQS;TEAM FRONTLINE;1309;2;2;5;10;7;1;20;1120;165.05;9469;6658;2811;83;248;2891;1723;1168;21;96;145.56;150.15;1097;1739;390;2149322;683.17;635.3;159.78;856.36;547.05;74.85;36.77;350;418.84;1059.44;418.84;861.52;616.74;582.29;538.74;357.25;4;2
81f6d8c7-7cad-4473-b4c5-59a3ab32f476;SQ vs TFL -4-2020-08-23.00.54;Mannfield (Night);2020-08-23 00:54:40;loss;TEAM FRONTLINE;SONIQS;1273;1;0;7;7;10;2;14.29;1138;152.11;9245;6396;2849;76;252;1914;1252;662;14;50;178.19;124.51;993;1310;152;2121621;716.97;578.33;176.91;843.11;522.95;106.15;34.85;385;370.34;1101.85;370.34;1059.72;412.49;788.69;466.64;216.87;2;4
1d204a06-0d81-4524-b0fa-1a9a1cd195ea;RGE vs ALP -2-2020-08-23.01.19;Urban Central (Dawn);2020-08-23 01:19:01;loss;ROGUE;ALPINE ESPORTS;958;1;1;6;6;12;5;16.67;1329;133.33;7911;5862;2049;67;178;1953;1275;678;15;53;150.09;95.18;1266;607;138;1622937;456.74;440.18;184.51;634.76;383.8;62.87;22.86;238;345.33;736.08;345.33;685.99;395.42;489.27;385.96;206.18;1;0
1d204a06-0d81-4524-b0fa-1a9a1cd195ea;RGE vs ALP -2-2020-08-23.01.19;Urban Central (Dawn);2020-08-23 01:19:01;win;ALPINE ESPORTS;ROGUE;1498;5;4;4;12;6;1;41.67;1213;156.68;7348;4896;2452;61;218;1831;1129;702;13;64;76.89;109.63;1297;1280;183;1590120;471.79;426.12;180.66;647.52;380.04;51.02;26.49;277;259.11;819.46;259.11;707.02;371.57;516.69;355.22;206.67;0;1
9b6aaef5-448f-422f-bace-cbef63b4a035;SSG vs PK G2 2020-08-22.11.44;DFH Stadium;2020-08-22 11:44:55;win;SPACESTATION;KNIGHTS;1123;3;2;3;9;5;1;33.33;1245;165.22;7036;5625;1411;69;132;1768;1260;508;15;47;69.28;236.27;1004;1411;270;1504264;454.16;431.44;141.52;612.97;338.96;75.18;19.84;172;245.37;781.75;245.37;597.63;429.49;424.09;360.18;242.86;1;0
9b6aaef5-448f-422f-bace-cbef63b4a035;SSG vs PK G2 2020-08-22.11.44;DFH Stadium;2020-08-22 11:44:55;loss;KNIGHTS;SPACESTATION;991;1;1;7;5;9;3;20;1034;148.69;5796;3569;2227;45;193;739;172;567;2;47;111.38;95.38;1031;825;47;1385921;556.01;314.82;152.79;580.66;374.59;68.37;17.48;173;279.64;743.98;279.64;742.11;281.51;580.99;281.04;161.59;0;1
6dac54e0-fbb4-46b6-8055-e8611948d1e5;CLT vs RGE G3 2020-08-22.12.54;DFH Stadium;2020-08-22 12:54:13;win;ROGUE;CHARLOTTE;1105;2;2;4;9;7;1;22.22;1211;143.88;6659;4509;2150;55;194;1890;1263;627;15;56;141.52;110.51;1333;982;161;1528864;438.89;419.25;156.03;572.17;369.91;72.1;18.24;180;294.4;719.78;294.4;625.31;388.87;466.41;301.52;246.24;3;2
6dac54e0-fbb4-46b6-8055-e8611948d1e5;CLT vs RGE G3 2020-08-22.12.54;DFH Stadium;2020-08-22 12:54:13;loss;CHARLOTTE;ROGUE;875;1;1;4;7;9;2;14.29;1351;149.71;7513;4991;2522;59;223;1829;1113;716;12;62;116.93;100.42;1158;960;87;1542329;406.64;434.03;170.54;563.13;366.53;81.54;21.47;187;300.92;710.28;300.92;659.89;351.31;494.67;309.59;206.94;2;3
003de20d-8b70-42b3-bfe0-ea3e90330678;CLT vs 72 G3 2020-08-22.14.20;DFH Stadium;2020-08-22 14:20:03;win;CHARLOTTE;72PC;1417;2;1;12;3;15;0;66.67;1052;138.78;5873;3350;2523;39;210;1250;771;479;8;43;121.22;75.44;810;599;33;1376462;514.63;322.98;133.18;565.22;356.43;49.14;28.55;242;256.28;714.52;256.28;783.71;187.08;651.16;208.16;111.48;0;2
003de20d-8b70-42b3-bfe0-ea3e90330678;CLT vs 72 G3 2020-08-22.14.20;DFH Stadium;2020-08-22 14:20:03;loss;72PC;CHARLOTTE;668;0;0;1;15;3;2;0;1326;154.12;7151;5360;1791;62;161;2494;1695;799;18;72;116.74;104.49;920;911;124;1523848;372.76;444.11;160.01;525.06;390.37;61.46;26.31;242;284.45;692.43;284.45;423.3;553.58;274.05;356.42;346.41;2;0
a651e1c1-fe94-4cee-9f7b-df4be4bc0223;ALP vs TFL G4 2020-08-22.17.56;DFH Stadium;2020-08-22 17:56:51;loss;ALPINE ESPORTS;TEAM FRONTLINE;638;0;0;3;5;3;1;0;1246;158.56;6684;4663;2021;61;182;1717;1012;705;13;63;88.83;128.01;1048;1275;227;1468405;423.88;393.6;150.82;560.81;322.25;85.25;22.76;208;291.73;676.57;291.73;560.25;408.05;371.72;357.24;239.34;0;4
a651e1c1-fe94-4cee-9f7b-df4be4bc0223;ALP vs TFL G4 2020-08-22.17.56;DFH Stadium;2020-08-22 17:56:51;win;TEAM FRONTLINE;ALPINE ESPORTS;918;1;1;4;3;5;0;33.33;1165;152.36;6300;4129;2171;49;180;1386;772;614;9;48;105.67;72.82;398;834;136;1429593;472.67;391.33;116.4;554.77;352.37;73.25;27.1;262;245.87;734.54;245.87;700.97;279.43;511.97;315.83;152.6;4;0
c168e411-04f0-4878-8cfd-9ec5e676227f;ALP vs TFL G5 2020-08-22.18.04;DFH Stadium;2020-08-22 18:04:22;loss;ALPINE ESPORTS;TEAM FRONTLINE;895;1;1;4;7;7;2;14.29;1343;151.59;7666;5395;2271;66;198;1852;1252;600;15;54;124.48;135.18;1386;1259;246;1571674;450.54;433.5;162.57;600.9;385.72;59.98;24;259;326.18;720.43;326.18;644.87;401.74;464.56;345.18;236.86;3;1
c168e411-04f0-4878-8cfd-9ec5e676227f;ALP vs TFL G5 2020-08-22.18.04;DFH Stadium;2020-08-22 18:04:22;win;TEAM FRONTLINE;ALPINE ESPORTS;1011;2;2;4;7;7;1;28.57;1097;141.16;6209;4000;2209;45;195;956;480;476;5;42;139.37;51.36;555;528;18;1451348;525.92;420.37;96.19;591.24;385.65;65.59;27.04;251;251.16;791.31;251.16;742.47;300.01;554.03;318.4;170.05;1;3
53443850-0253-4775-9adc-5b8743786cd4;G2 vs SSG -1-2020-08-22.21.58;DFH Stadium;2020-08-22 21:58:52;loss;G2 ESPORTS;SPACESTATION;970;1;1;4;20;6;4;5;1379;142.08;8252;5879;2373;71;208;2260;1186;1074;13;94;162.97;92.14;1178;1276;122;1651323;398.14;447.45;214.29;558.24;429.09;72.56;27.08;274;325.95;733.95;325.95;525.47;534.42;362.19;371.92;325.79;6;1
53443850-0253-4775-9adc-5b8743786cd4;G2 vs SSG -1-2020-08-22.21.58;DFH Stadium;2020-08-22 21:58:52;win;SPACESTATION;G2 ESPORTS;2096;4;3;15;6;20;1;66.67;1203;151.72;6978;4880;2098;59;184;1287;720;567;9;51;68.21;114.88;942;1100;195;1477674;477.33;440.58;126.01;599.38;366.52;78.02;23.34;214;295.86;748.06;295.86;762.13;281.81;604.33;290.57;149.03;1;6
5cf9d01a-b270-4c27-93b5-7380297cabe7;V1 vs PK G5 2020-08-22.14.03;Champions Field;2020-08-22 14:03:23;loss;VERSION1;KNIGHTS;806;1;0;4;4;8;4;25;1188;157.98;7251;5159;2092;65;182;1330;770;560;9;51;108.69;106.67;594;1402;134;1568433;479.35;444.61;160.4;609.3;401.73;73.34;22.8;194;316.52;767.85;316.52;747.62;336.74;551.86;335.76;196.73;4;5
5cf9d01a-b270-4c27-93b5-7380297cabe7;V1 vs PK G5 2020-08-22.14.03;Champions Field;2020-08-22 14:03:23;win;KNIGHTS;VERSION1;1132;4;2;3;8;4;1;50;1120;159.84;6904;4356;2548;54;221;1550;899;651;11;61;83.11;127.87;1001;1165;231;1531748;549.98;372.68;167.47;647.65;383.8;58.69;21.93;204;248.63;841.51;248.63;726.45;363.68;538.68;351.88;199.57;5;4
b1fa888b-ddc3-4ff5-96c4-1a1663f37cf2;72 vs PK G1 2020-08-22.15.47;DFH Stadium;2020-08-22 15:47:41;loss;72PC;KNIGHTS;1001;0;0;6;10;8;1;0;1193;156.59;9465;6323;3142;79;278;2701;1576;1125;20;100;170.25;185.74;1068;1645;440;2204954;617.56;629.73;197.6;796.11;564.53;84.23;34.66;342;428.05;1016.84;428.05;793.19;651.67;504.61;572.78;367.51;4;3
b1fa888b-ddc3-4ff5-96c4-1a1663f37cf2;72 vs PK G1 2020-08-22.15.47;DFH Stadium;2020-08-22 15:47:41;win;KNIGHTS;72PC;1354;1;0;9;8;10;0;12.5;1166;153.76;9332;6078;3254;77;277;2058;1326;732;15;64;134.46;191.68;1473;1669;195;2146519;679.15;562.13;204.04;837.32;514.57;93.45;31.82;291;419.96;1025.38;419.96;1007.28;438.05;772.81;428.31;244.21;3;4
c15071ff-bc34-4110-a71e-d5af543d7701;RGE vs NV -2-2020-08-22.20.15;Urban Central (Dawn);2020-08-22 20:15:49;loss;TEAM ENVY;ROGUE;818;1;1;5;6;9;3;16.67;1170;148.66;6632;4671;1961;59;177;1206;683;523;8;48;110.46;93.08;610;1195;33;1520675;449.77;403.07;169.19;538.62;418.17;65.25;24.32;178;316.06;705.97;316.06;594.25;427.79;421.33;362.51;238.18;3;6
c15071ff-bc34-4110-a71e-d5af543d7701;RGE vs NV -2-2020-08-22.20.15;Urban Central (Dawn);2020-08-22 20:15:49;win;ROGUE;TEAM ENVY;1398;3;2;5;9;6;1;33.33;1249;140.74;6984;4797;2187;58;186;1310;812;498;9;45;149.91;110.5;1353;925;86;1501119;497.51;344.18;189.04;573.87;369.2;87.67;21.77;222;269.81;760.92;269.81;705.12;325.61;531.94;311.07;187.73;6;3
e0ab344a-c22f-408b-8602-9d9a04b1d5a8;SQ vs V1 -4-2020-08-22.23.18;Mannfield (Night);2020-08-22 23:18:46;loss;SONIQS;VERSION1;888;1;1;6;4;10;4;25;1031;146.5;5867;3588;2279;43;205;1189;658;531;8;49;84.57;85.91;548;736;133;1451385;543.33;422.57;90.15;623.93;387.03;45.06;30.2;272;348.11;707.92;348.11;754.22;301.82;574.44;334.2;147.39;2;3
e0ab344a-c22f-408b-8602-9d9a04b1d5a8;SQ vs V1 -4-2020-08-22.23.18;Mannfield (Night);2020-08-22 23:18:46;win;VERSION1;SONIQS;1266;4;3;3;10;4;1;40;1227;156.36;7302;5549;1753;70;163;2199;1542;657;17;62;104.59;106.12;778;1533;197;1532736;477.42;436.48;145.1;577.09;426.82;55.08;19.91;204;263.4;795.59;263.4;582.78;476.22;405.77;372.74;280.48;3;2
3db1ded4-3583-4cba-a2eb-183253d41a21;RGE vs G2 -1-2020-08-22.23.41;DFH Stadium;2020-08-22 23:41:07;loss;ROGUE;G2 ESPORTS;833;1;0;5;8;8;4;12.5;1261;139.44;7228;4980;2248;56;185;1495;723;772;9;60;205.63;99.25;1240;695;187;1537848;485.94;412.61;166.35;602.82;386.63;75.41;23.06;228;344.55;720.34;344.55;638.76;426.12;447.62;371.37;245.89;5;4
3db1ded4-3583-4cba-a2eb-183253d41a21;RGE vs G2 -1-2020-08-22.23.41;DFH Stadium;2020-08-22 23:41:07;win;G2 ESPORTS;ROGUE;1353;4;3;5;8;8;1;50;1254;145.63;7439;5046;2393;63;207;1800;1049;751;13;66;157.09;70.29;950;1138;260;1528090;476.66;435.27;150.3;575.37;430.39;56.47;29.23;274;299.96;762.24;299.96;706.59;355.64;517.04;324.14;221.04;4;5
00f7bc94-621f-4544-935c-145524250b5e;G2 vs TFL G2 2020-08-22.13.03;Urban Central (Dawn);2020-08-22 13:03:03;win;G2 ESPORTS;TEAM FRONTLINE;927;2;2;1;10;4;0;20;1326;157.29;7192;4816;2376;59;195;1726;992;734;12;66;114.6;114.44;1101;1209;239;1452445;433.58;387.46;151.57;544.36;367.28;60.96;27.36;241;265.76;706.85;265.76;579.56;393.05;405.25;321.59;245.77;4;1
00f7bc94-621f-4544-935c-145524250b5e;G2 vs TFL G2 2020-08-22.13.03;Urban Central (Dawn);2020-08-22 13:03:03;loss;TEAM FRONTLINE;G2 ESPORTS;707;0;0;5;4;10;2;0;1103;142.32;5870;3931;1939;44;170;1402;791;611;9;50;126.01;63.41;642;537;123;1368802;473.37;375.3;114.94;514.29;386.53;62.8;23.11;250;287.02;676.59;287.02;643.15;320.46;485.53;307.13;170.94;1;4
864b435c-71e5-4dbc-9659-0fdf57c7cb8a;CLT vs JJ G5 2020-08-22.14.51;DFH Stadium;2020-08-22 14:51:45;win;CHARLOTTE;JJ;1503;3;3;6;10;10;2;30;1227;147;9286;6115;3171;74;283;2094;1230;864;15;78;135.38;124.54;1143;1325;279;2080351;528.5;592.64;229.62;753.05;514;83.72;31.58;291;343.54;1007.22;343.54;895.22;455.55;662.53;425.55;262.68;0;4
864b435c-71e5-4dbc-9659-0fdf57c7cb8a;CLT vs JJ G5 2020-08-22.14.51;DFH Stadium;2020-08-22 14:51:45;loss;JJ;CHARLOTTE;1378;2;2;6;10;10;3;20;1277;138.18;9973;6931;3042;83;262;2094;1410;684;16;63;187.28;125.36;1888;1370;200;2091558;565.11;560.79;238.04;821.87;458.31;83.75;31.45;293;366.31;997.62;366.31;916.55;447.38;661.84;449.7;252.39;4;0
8e5a2c62-0995-4136-bf00-655e10bc8b00;V1 vs CTM G1 2020-08-22.15.32;DFH Stadium;2020-08-22 15:32:58;win;VERSION1;CONTINUUM;1120;4;3;0;12;3;3;33.33;1254;160.9;7857;5564;2293;72;203;1876;1211;665;16;57;95.26;97.99;741;1609;388;1547484;489.81;431.99;167.28;600.88;426.97;61.23;22.61;226;293.86;795.21;293.86;680.47;408.6;482.16;357.15;249.77;2;5
8e5a2c62-0995-4136-bf00-655e10bc8b00;V1 vs CTM G1 2020-08-22.15.32;DFH Stadium;2020-08-22 15:32:58;loss;CONTINUUM;VERSION1;1024;3;1;3;3;12;4;100;1090;139.85;6379;4398;1981;53;175;1267;760;507;9;46;108.82;133.85;1186;886;157;1552419;520.53;430.47;148.23;653.61;379.91;65.7;19.59;160;323.57;775.66;323.57;771.56;327.66;584.49;339.63;175.1;5;2
76af6caf-9351-43b6-8ded-32b8345ea034;KCP  vs ALP G2 2020-08-22.15.36;DFH Stadium (Day);2020-08-22 15:36:14;win;KC PIONEERS;ALPINE ESPORTS;922;2;1;3;5;5;0;40;1103;149.82;6166;4120;2046;55;175;1179;695;484;8;42;136.02;94.77;936;1424;107;1387315;462.27;361.39;138.57;579.05;329.21;53.98;20.97;188;252.37;709.86;252.37;682.09;280.15;539.4;270.02;152.81;4;5
76af6caf-9351-43b6-8ded-32b8345ea034;KCP  vs ALP G2 2020-08-22.15.36;DFH Stadium (Day);2020-08-22 15:36:14;loss;ALPINE ESPORTS;KC PIONEERS;474;0;0;1;5;5;2;0;1271;143.43;6784;4730;2054;55;186;1454;747;707;8;63;124.07;121.67;1161;792;74;1459375;418.73;377.4;169.17;558.64;346.85;59.8;22.16;235;293.32;671.98;293.32;543.02;422.28;388.01;310.21;267.08;5;4
24dac9fa-fa79-46b9-a309-c2582ecbaefb;ALP vs TFL G1 2020-08-22.17.37;DFH Stadium;2020-08-22 17:37:24;win;ALPINE ESPORTS;TEAM FRONTLINE;1161;2;2;5;8;6;1;25;1391;160.04;8272;5693;2579;65;209;2196;1499;697;18;62;113.33;142.93;1662;802;271;1632142;408.14;452.51;192.45;620.27;362.38;70.43;22.89;226;333.4;719.68;333.4;617.67;435.42;442.18;352.77;258.13;5;1
24dac9fa-fa79-46b9-a309-c2582ecbaefb;ALP vs TFL G1 2020-08-22.17.37;DFH Stadium;2020-08-22 17:37:24;loss;TEAM FRONTLINE;ALPINE ESPORTS;786;1;1;4;6;8;2;16.67;1170;157.63;6835;4919;1916;57;170;1280;795;485;9;39;98.81;79.91;682;776;112;1484404;499.17;413.34;128.11;588.25;386.49;65.89;22.59;239;260.04;780.59;260.04;710.58;330.04;529.3;331.57;179.77;1;5
ef41a808-04bb-4bbd-974f-3f8f78913871;RGE vs NV -1-2020-08-22.20.07;DFH Stadium;2020-08-22 20:07:48;win;TEAM ENVY;ROGUE;681;2;1;0;10;2;1;20;1213;150.85;6673;4472;2201;53;185;1696;861;835;10;68;118.08;105.36;986;925;161;1463956;434.77;405.72;148.26;563.99;376.11;48.65;24.31;193;220.42;768.33;220.42;571.95;416.8;397.71;339.84;251.19;1;3
ef41a808-04bb-4bbd-974f-3f8f78913871;RGE vs NV -1-2020-08-22.20.07;DFH Stadium;2020-08-22 20:07:48;loss;ROGUE;TEAM ENVY;943;1;1;5;2;10;2;50;1154;136.97;6526;4239;2287;52;192;1086;449;637;6;58;198.71;74.91;1124;1000;149;1454583;474.03;365.95;155;572.89;350.34;71.73;21.74;206;352.01;642.95;352.01;685.25;309.71;520.73;290.9;183.34;3;1
c5e53918-1d68-49a2-b257-1d46cfab935e;RGE vs SQ G1 2020-08-22.14.33;DFH Stadium;2020-08-22 14:33:04;loss;SONIQS;ROGUE;1246;2;2;9;7;16;4;28.57;1107;149.52;6827;4707;2120;55;188;1187;754;433;8;40;113.31;77.42;862;872;60;1463433;543.51;391.91;135.72;587.25;426.87;57.04;22.92;218;342.02;729.11;342.02;807.09;264.04;634.99;296.71;139.43;1;3
c5e53918-1d68-49a2-b257-1d46cfab935e;RGE vs SQ G1 2020-08-22.14.33;DFH Stadium;2020-08-22 14:33:04;win;ROGUE;SONIQS;1152;4;2;2;16;7;2;25;1325;142.36;7882;5718;2164;65;192;2315;1434;881;15;80;177.04;135.52;1597;880;84;1576270;480.97;389.84;206.43;632.21;375.24;69.76;20.75;226;261.41;815.82;261.41;559.63;517.59;378.04;381.17;318.02;3;1
2e1215b7-df00-4b6d-8eef-5adeed714fb2;CLT vs JJ G4 2020-08-22.14.43;DFH Stadium;2020-08-22 14:43:09;win;CHARLOTTE;JJ;1159;1;1;7;9;9;0;11.11;1255;161.92;7567;4681;2886;60;251;1651;864;787;10;65;118.8;111.14;1251;1242;154;1666526;417.58;474.76;177.74;629.49;385.56;55.03;26.74;220;277.5;792.58;277.5;679.05;391.03;507.98;336.94;225.15;5;6
2e1215b7-df00-4b6d-8eef-5adeed714fb2;CLT vs JJ G4 2020-08-22.14.43;DFH Stadium;2020-08-22 14:43:09;loss;JJ;CHARLOTTE;822;0;0;5;9;9;1;0;1376;132.99;8015;5541;2474;66;212;2204;1434;770;16;66;138.98;100.02;1631;1030;173;1683174;421.26;448.88;202.06;636.73;369.63;65.85;27.49;232;308.01;764.18;308.01;700.09;372.11;524.6;317.55;230.06;6;5
42ef8809-3271-4df3-9ff8-13356f9d3957;PPS vs JJ G2 2020-08-22.10.42;DFH Stadium;2020-08-22 10:42:28;win;PPS;JJ;1077;2;0;6;9;6;0;22.22;1154;139.9;6051;4062;1989;48;167;887;453;434;5;41;110.17;86.36;835;753;51;1359339;454.84;365.88;123.77;572.38;325.56;46.55;21.17;196;198.78;745.69;198.78;638.21;306.26;476.09;308.61;159.77;3;9
42ef8809-3271-4df3-9ff8-13356f9d3957;PPS vs JJ G2 2020-08-22.10.42;DFH Stadium;2020-08-22 10:42:28;loss;JJ;PPS;758;0;0;6;6;9;2;0;1393;142.2;7691;5149;2542;62;214;1972;1112;860;13;68;113.24;83.17;1351;1101;179;1507309;367.45;411.44;183.9;585.74;334.13;42.94;26.65;242;251.55;711.25;251.55;621.02;341.77;450.16;310.49;202.14;9;3
47d384eb-d93f-440c-a368-e6d7a9a9117a;SQ vs KCP G2 2020-08-22.11.39;DFH Stadium;2020-08-22 11:39:12;loss;SONIQS;KC PIONEERS;855;1;1;3;8;5;2;12.5;1042;148.76;5620;3460;2160;42;195;1795;1191;604;14;53;65.52;100.08;741;753;220;1387768;518.04;364.32;107.32;558.56;358.79;72.33;25.61;227;290.11;699.58;290.11;666.05;323.56;483.73;328.95;177;1;2
47d384eb-d93f-440c-a368-e6d7a9a9117a;SQ vs KCP G2 2020-08-22.11.39;DFH Stadium;2020-08-22 11:39:12;win;KC PIONEERS;SONIQS;1190;2;2;7;5;8;1;40;1289;155.13;7161;5233;1928;63;167;2243;1561;682;19;58;108.36;86.93;1045;1080;317;1515658;385.29;472.76;134.43;574.39;336.08;82.02;21.44;203;308.45;684.03;308.45;564.94;427.55;401.05;333.93;257.5;2;1
87ff301b-c57c-4c03-8222-bc3776cd2026;CLT vs RGE G1 2020-08-22.12.40;DFH Stadium;2020-08-22 12:40:17;loss;CHARLOTTE;ROGUE;1450;4;4;5;6;16;5;66.67;1173;142.95;7921;4981;2940;63;263;1344;721;623;8;55;147.87;80.72;1108;1368;76;1766506;578.43;468.33;198.3;696.39;459.25;89.44;24.56;215;335.3;909.77;335.3;938.71;306.36;734.39;340.2;170.48;2;9
87ff301b-c57c-4c03-8222-bc3776cd2026;CLT vs RGE G1 2020-08-22.12.40;DFH Stadium;2020-08-22 12:40:17;win;ROGUE;CHARLOTTE;1349;5;3;1;16;6;4;31.25;1314;134.25;9208;6895;2313;80;198;1958;1272;686;15;61;182.42;175.49;1585;1014;252;1791693;592.3;486;188.62;752.05;433.37;81.51;25.45;247;339.83;927.11;339.83;746.66;520.27;526.8;407.11;333.01;9;2
479ab0f0-9606-4239-b28e-8d9b104aaf5d;PPS vs TFL G1 2020-08-22.13.49;Mannfield (Night);2020-08-22 13:49:48;win;PPS;TEAM FRONTLINE;938;3;1;2;10;4;2;30;1280;148.4;7648;5602;2046;64;175;1418;943;475;10;42;123.65;100.23;1102;824;37;1532188;509.19;428.06;137.61;637.05;378.83;58.99;29.94;276;253.37;821.51;253.37;672.65;402.22;451.96;409.41;213.5;2;0
479ab0f0-9606-4239-b28e-8d9b104aaf5d;PPS vs TFL G1 2020-08-22.13.49;Mannfield (Night);2020-08-22 13:49:48;loss;TEAM FRONTLINE;PPS;1116;2;2;7;4;10;3;50;1236;146.04;7195;4844;2351;55;194;1229;834;395;9;36;139.18;59.91;703;685;68;1518907;508.83;427.62;132.62;600.52;400.65;67.91;26.87;309;288.67;780.41;288.67;786.78;282.31;580.99;349.41;138.69;0;2
8a3db9f3-eb16-4199-a0b9-e6d03eeb252b;PPS vs TFL G2 2020-08-22.13.59;Mannfield (Night);2020-08-22 13:59:33;win;PPS;TEAM FRONTLINE;1508;3;3;8;10;10;2;30;1267;142.44;7464;5351;2113;61;172;1491;1033;458;11;40;131.95;95.19;1028;712;72;1493429;519.25;413.1;133.57;611.28;384.57;70.06;24.13;229;257.92;808;257.92;729.02;336.89;545.97;339.81;180.14;2;4
8a3db9f3-eb16-4199-a0b9-e6d03eeb252b;PPS vs TFL G2 2020-08-22.13.59;Mannfield (Night);2020-08-22 13:59:33;loss;TEAM FRONTLINE;PPS;1084;2;2;5;10;10;3;20;1170;149.12;6992;4787;2205;57;193;1206;511;695;6;62;135.42;63.35;881;946;92;1543555;489.62;430.92;151.86;601.3;404.55;66.55;24.9;271;293.44;778.97;293.44;691.81;380.6;493.63;352.52;226.26;4;2
2ab75e41-df86-46a4-87f2-9e81e24ca51c;PPS vs TFL G4 2020-08-22.14.13;Mannfield (Night);2020-08-22 14:13:39;win;PPS;TEAM FRONTLINE;1599;5;5;2;16;3;1;31.25;1287;137.09;7686;5329;2357;62;189;2140;1517;623;17;53;165.21;87.9;1357;748;97;1561261;493.46;427.14;161.26;607.78;400.35;73.73;21.25;213;288.78;793.07;288.78;641.63;440.23;446.99;356.58;278.28;4;2
2ab75e41-df86-46a4-87f2-9e81e24ca51c;PPS vs TFL G4 2020-08-22.14.13;Mannfield (Night);2020-08-22 14:13:39;loss;TEAM FRONTLINE;PPS;1155;1;1;10;3;16;5;33.33;1189;150.95;6887;4869;2018;56;170;1158;728;430;9;37;132.03;57.03;896;681;84;1491150;526.26;416.78;132.38;598.96;429.71;46.74;26.07;286;331.75;743.66;331.75;746.47;328.95;567.09;331.85;176.47;2;4
b910df89-0adc-43fe-a49d-6616fed50f7c;ALP vs JJ G1 2020-08-22.19.07;DFH Stadium;2020-08-22 19:07:44;win;ALPINE ESPORTS;JJ;1613;5;2;8;12;13;2;41.67;1273;152.27;7695;5321;2374;63;200;1512;833;679;9;55;135.89;120.53;1342;1071;89;1601894;454.16;413.66;218.7;586.21;428.9;71.4;21.91;245;257.97;828.55;257.97;742.86;343.66;548.14;358.08;180.31;2;5
b910df89-0adc-43fe-a49d-6616fed50f7c;ALP vs JJ G1 2020-08-22.19.07;DFH Stadium;2020-08-22 19:07:44;loss;JJ;ALPINE ESPORTS;1144;2;1;6;13;12;5;15.38;1368;136.14;8141;5747;2394;65;204;1444;686;758;9;68;144.27;97.9;1433;727;229;1650827;443.46;406.54;242.87;612.24;425.13;55.49;20.32;190;324.26;768.61;324.26;689.09;403.77;502.81;363.17;226.88;5;2
9cda7518-5b4b-4b02-906f-75601c5022f5;ALP vs JJ G2 2020-08-22.19.13;DFH Stadium;2020-08-22 19:13:55;loss;ALPINE ESPORTS;JJ;705;0;0;5;4;8;1;0;1338;152.61;6919;4395;2524;55;215;1623;898;725;11;66;111.21;101.21;1353;1154;232;1495571;351.17;398.83;185.1;529.16;311.68;94.27;22.02;235;304.39;630.71;304.39;601.61;333.5;413.45;339.04;182.62;0;4
9cda7518-5b4b-4b02-906f-75601c5022f5;ALP vs JJ G2 2020-08-22.19.13;DFH Stadium;2020-08-22 19:13:55;win;JJ;ALPINE ESPORTS;780;1;0;4;8;4;0;12.5;1301;145.92;6935;4740;2195;57;199;1251;695;556;8;51;126.66;93.53;1233;1045;143;1492321;369.91;415.89;161.5;565.89;331.4;50.01;25.97;228;243.02;704.29;243.02;603.04;344.26;396.55;360.08;190.69;4;0
5e9ed484-3956-4642-8f25-928da38c2896;SQ vs V1 -3-2020-08-22.23.10;Utopia Coliseum (Dusk);2020-08-22 23:10:44;win;SONIQS;VERSION1;1101;2;2;4;10;5;1;20;1103;163.07;6471;4383;2088;55;181;1250;756;494;9;44;75.04;112.48;769;1215;170;1564431;512.29;427.85;134.73;593.22;415.24;66.4;28.52;258;292.87;781.99;292.87;686.05;388.82;488.94;370.75;215.18;2;5
5e9ed484-3956-4642-8f25-928da38c2896;SQ vs V1 -3-2020-08-22.23.10;Utopia Coliseum (Dusk);2020-08-22 23:10:44;loss;VERSION1;SONIQS;1093;1;1;6;5;10;2;20;1188;144.98;7407;5123;2284;63;197;2142;1437;705;17;63;144.24;99.56;618;1115;185;1557257;506.21;452.16;125.5;595.63;434.33;53.91;22.78;207;331.64;752.24;331.64;669.91;413.97;491.7;341.26;250.91;5;2
60077d6e-3b36-4a4a-9a2e-b8ce9c94441d;KCP  vs ALP G3 2020-08-22.15.42;DFH Stadium (Day);2020-08-22 15:42:57;win;KC PIONEERS;ALPINE ESPORTS;1317;4;3;4;10;6;2;40;1251;150.61;7404;5055;2349;62;191;1855;1182;673;14;59;96;94.32;908;1165;217;1546792;489.94;444.33;147.38;659.07;352.39;70.19;24.84;227;223.6;858.06;223.6;625.18;456.46;429.78;383.57;268.3;4;4
60077d6e-3b36-4a4a-9a2e-b8ce9c94441d;KCP  vs ALP G3 2020-08-22.15.42;DFH Stadium (Day);2020-08-22 15:42:57;loss;ALPINE ESPORTS;KC PIONEERS;1068;2;1;5;6;10;4;33.33;1198;141.6;7045;4712;2333;55;208;1002;457;545;6;48;131.01;90.52;1008;857;151;1563839;470.48;443.65;165.32;565.61;434.82;78.99;20.02;223;357.78;721.66;357.78;802.75;276.67;613.17;317.24;149.01;4;4
afb76b9b-2968-4a20-9f91-105f49016e2c;KCP vs PK G4 2020-08-22.17.53;Mannfield (Night);2020-08-22 17:53:18;loss;KC PIONEERS;KNIGHTS;1275;2;2;7;13;15;6;15.38;1322;139.98;7948;5765;2183;71;184;2218;1407;811;16;72;126.32;107.71;1073;1382;194;1615737;512.13;464.26;153.76;664.34;390.42;75.38;24.25;246;369.68;760.45;369.68;655.96;474.17;453.14;381.95;295.04;4;1
afb76b9b-2968-4a20-9f91-105f49016e2c;KCP vs PK G4 2020-08-22.17.53;Mannfield (Night);2020-08-22 17:53:18;win;KNIGHTS;KC PIONEERS;1868;6;4;8;15;13;2;40;1099;144.47;6632;4320;2312;51;201;1462;951;511;10;46;117.06;116.64;740;789;63;1497528;608.07;366.07;148.09;653.84;404.23;64.16;23.67;215;241.97;880.25;241.97;821.49;300.73;634.26;311.58;176.39;1;4
91758b42-054d-4e03-9e4a-a265e86e0e4e;RGE vs G2 -3-2020-08-22.23.56;Utopia Coliseum (Dusk);2020-08-22 23:56:46;win;ROGUE;G2 ESPORTS;1140;4;2;3;7;4;1;57.14;1316;141.55;7521;5614;1907;63;173;1332;839;493;9;44;152.3;128.82;1599;738;66;1561054;447.85;396.5;201.35;588.46;377.94;79.29;19.91;199;215.9;829.78;215.9;674.67;371.02;495.56;314.9;235.24;4;3
91758b42-054d-4e03-9e4a-a265e86e0e4e;RGE vs G2 -3-2020-08-22.23.56;Utopia Coliseum (Dusk);2020-08-22 23:56:46;loss;G2 ESPORTS;ROGUE;861;1;1;3;4;7;4;25;1263;137.4;7396;5119;2277;62;204;1612;933;679;11;60;128.5;83.24;1172;1136;173;1564312;436.38;403.31;203.09;579.26;422.95;40.56;25.24;248;362.38;680.41;362.38;727.72;315.07;527.32;345;170.47;3;4
38b8f6d3-f2e7-4cc4-bdff-7433bae6d26b;SSG vs PK G1 2020-08-22.11.38;DFH Stadium;2020-08-22 11:38:31;loss;SPACESTATION;KNIGHTS;1366;0;0;11;9;11;1;0;1129;163.93;9074;6529;2545;84;226;1701;1199;502;16;44;121.05;277.29;1504;1935;316;2046763;722.7;526.99;179.26;844.53;501.76;82.67;30.67;261;413.25;1015.7;413.25;1032.25;396.7;793.27;429.56;206.12;6;3
38b8f6d3-f2e7-4cc4-bdff-7433bae6d26b;SSG vs PK G1 2020-08-22.11.38;DFH Stadium;2020-08-22 11:38:31;win;KNIGHTS;SPACESTATION;1208;1;0;5;11;9;0;9.09;1180;165.03;9266;6183;3083;75;270;2115;1287;828;14;77;104.69;194.36;1421;1449;149;2086765;682.84;530.58;206.35;893.97;449.81;76;30.52;256;337.71;1082.05;337.71;835.94;583.82;565.5;532.4;321.87;3;6
a57168d4-e469-4f39-9e33-9d26307e36ea;CLT vs 72 G1 2020-08-22.14.07;DFH Stadium;2020-08-22 14:07:20;loss;CHARLOTTE;72PC;1526;2;2;12;6;15;3;33.33;1281;154.68;7357;4632;2725;55;239;1655;941;714;11;69;107.17;96.75;1149;930;202;1588919;411.82;458.82;177.72;600.9;380.28;67.18;20.8;189;283.07;765.27;283.07;720.12;328.22;539.42;325.55;183.36;5;1
a57168d4-e469-4f39-9e33-9d26307e36ea;CLT vs 72 G1 2020-08-22.14.07;DFH Stadium;2020-08-22 14:07:20;win;72PC;CHARLOTTE;1247;3;3;4;15;6;2;20;1178;143.72;6795;4617;2178;56;181;1389;804;585;9;44;106.09;82.59;784;930;95;1482292;477.32;429.7;129.21;574.15;397.29;64.79;24.6;240;279.81;756.44;279.81;667.16;369.08;480.5;354.27;201.46;1;5
143e8244-55f5-4554-939b-e7fcc4a98691;V1 vs PK G4 2020-08-22.13.55;Mannfield (Night);2020-08-22 13:55:32;loss;VERSION1;KNIGHTS;864;1;1;4;6;8;3;16.67;1088;142.65;6433;4597;1836;57;165;1435;964;471;12;45;89.31;81.83;800;1115;241;1458913;530.27;381.56;135.23;596.62;406.59;43.85;19.24;192;294.47;752.59;294.47;697.26;349.8;570.71;258.67;217.69;4;2
143e8244-55f5-4554-939b-e7fcc4a98691;V1 vs PK G4 2020-08-22.13.55;Mannfield (Night);2020-08-22 13:55:32;win;KNIGHTS;VERSION1;1043;3;3;2;8;6;1;37.5;1132;158.59;6413;4366;2047;57;183;1169;545;624;7;56;80.48;143.13;824;1308;161;1460096;521.93;368.48;151.49;631.57;359.28;51.04;22.24;196;216.83;825.07;216.83;667.86;374.04;501.93;332.38;207.58;2;4
357aac08-ce6c-402b-9d40-f3f2bda49dba;ALP vs TFL G3 2020-08-22.17.50;DFH Stadium;2020-08-22 17:50:29;loss;ALPINE ESPORTS;TEAM FRONTLINE;1020;2;2;3;11;7;3;18.18;1299;164.74;7365;5331;2034;65;181;1549;1038;511;12;47;80.93;144.68;999;1118;189;1574921;462.66;410.41;189.34;595.85;396.91;69.65;23.32;220;353.32;709.1;353.32;656.61;405.81;450.75;373.62;238.04;3;3
357aac08-ce6c-402b-9d40-f3f2bda49dba;ALP vs TFL G3 2020-08-22.17.50;DFH Stadium;2020-08-22 17:50:29;win;TEAM FRONTLINE;ALPINE ESPORTS;1296;3;3;7;7;11;2;42.86;1185;140.03;6557;4179;2378;48;196;1448;729;719;9;56;111.12;62.66;744;667;170;1473267;548.01;381.91;131.86;596.61;393.77;71.4;25.06;261;259.15;802.64;259.15;741.99;319.81;529.93;349.48;182.38;3;3
cd0ee676-f521-41eb-b1c0-d057bb654ea3;SQ vs TFL -3-2020-08-23.00.44;Utopia Coliseum (Dusk);2020-08-23 00:44:49;win;SONIQS;TEAM FRONTLINE;1364;4;3;5;6;5;1;66.67;1110;161.76;6632;4674;1958;65;179;1111;570;541;8;48;97.5;144.54;1048;1918;255;1494665;521.75;391.83;147.38;623.9;367.26;69.79;23.08;223;298.7;762.26;298.7;711.65;349.31;530.63;346.99;183.33;4;1
cd0ee676-f521-41eb-b1c0-d057bb654ea3;SQ vs TFL -3-2020-08-23.00.44;Utopia Coliseum (Dusk);2020-08-23 00:44:49;loss;TEAM FRONTLINE;SONIQS;797;1;1;2;5;6;4;20;1192;144.83;6918;4679;2239;56;185;1049;399;650;5;56;124.96;66.29;697;978;99;1503879;488.22;415.05;150.6;598.48;395.06;60.32;26.77;290;299.35;754.51;299.35;693.81;360.04;505.44;324.5;223.91;1;4
ca94f819-ca7a-4014-a3f4-c9078acd6ee7;PPS vs JJ G3 2020-08-22.10.49;DFH Stadium;2020-08-22 10:49:11;win;PPS;JJ;1423;3;3;6;9;10;1;33.33;1216;138.89;7166;4793;2373;56;194;1417;911;506;10;45;171.35;87.03;958;834;97;1525145;491.75;416.27;152.78;612.62;379.27;68.91;23.46;238;252.79;808.01;252.79;750.98;309.83;578.84;322.18;159.76;0;3
ca94f819-ca7a-4014-a3f4-c9078acd6ee7;PPS vs JJ G3 2020-08-22.10.49;DFH Stadium;2020-08-22 10:49:11;loss;JJ;PPS;1133;1;1;6;10;9;3;10;1390;136.14;8073;5429;2644;62;216;1760;857;903;11;73;157.69;91.71;1645;808;236;1653979;406.99;455.6;207.34;609.97;390.66;69.29;26.1;227;300.05;769.88;300.05;640.55;429.37;445.71;366.17;258.05;3;0
94032b12-b262-477d-99f1-de412f254e48;RGE vs SQ G3 2020-08-22.14.49;Utopia Coliseum (Dusk);2020-08-22 14:49:19;win;ROGUE;SONIQS;1485;4;3;6;10;9;2;40;1354;137.05;8256;6154;2102;70;186;1886;1117;769;13;68;133.36;123.08;1704;903;212;1599976;465.15;416.86;193.34;631.37;383.69;60.29;19.51;208;277.26;798.1;277.26;634.21;441.15;462.23;339.93;273.2;7;2
94032b12-b262-477d-99f1-de412f254e48;RGE vs SQ G3 2020-08-22.14.49;Utopia Coliseum (Dusk);2020-08-22 14:49:19;loss;SONIQS;ROGUE;1037;2;2;5;9;10;4;22.22;1080;141.26;6143;4040;2103;51;187;937;412;525;5;44;102.68;96.93;695;917;87;1500183;507.67;420.58;136.41;595.77;405.64;63.26;24;222;364.65;700;364.65;755.14;309.51;537.64;364.26;162.73;2;7
1b8ea5ea-1641-4d4c-bf06-5bdd290300a5;G2 vs CTM G3 2020-08-22.11.50;DFH Stadium;2020-08-22 11:50:25;loss;CONTINUUM;G2 ESPORTS;729;1;1;3;4;7;3;25;1189;140.97;6828;5016;1812;60;162;1364;792;572;9;51;121.44;119.86;998;1043;123;1492902;451.14;414.58;152.21;545.47;405.79;66.64;14.51;122;334.09;683.82;334.09;667.92;350;504.5;312.5;200.92;3;3
1b8ea5ea-1641-4d4c-bf06-5bdd290300a5;G2 vs CTM G3 2020-08-22.11.50;DFH Stadium;2020-08-22 11:50:25;win;G2 ESPORTS;CONTINUUM;930;3;2;1;7;4;1;42.86;1198;149.79;6956;4635;2321;57;204;1472;784;688;10;61;115.81;104.43;1032;1135;225;1510621;436.2;411.19;170.45;562.34;387.69;67.83;22.81;222;261.84;756.02;261.84;633.85;383.92;442.51;355.95;219.41;3;3
c108ecf3-f091-4ad9-b661-d7c71372de1e;SQ vs CTM G1 2020-08-22.13.07;DFH Stadium;2020-08-22 13:07:48;win;SONIQS;CONTINUUM;1298;5;3;1;14;6;4;35.71;1092;155.61;7156;4757;2399;61;208;2075;1411;664;16;51;101.89;129.55;641;1286;208;1651732;595.85;460.98;144.31;665.7;459.15;76.32;23.89;217;340.23;860.93;340.23;839.98;361.19;629.22;364.38;207.55;4;4
c108ecf3-f091-4ad9-b661-d7c71372de1e;SQ vs CTM G1 2020-08-22.13.07;DFH Stadium;2020-08-22 13:07:48;loss;CONTINUUM;SONIQS;1499;4;3;6;6;14;5;66.67;1213;145.68;8079;6152;1927;74;176;2004;1287;717;17;66;142.17;136.11;1165;1217;429;1723121;524.57;487.82;187.88;678.59;460.68;61;16.56;151;366.15;834.12;366.15;728.96;471.31;541.89;398.82;259.55;4;4
61364d53-8dd9-4a87-9a61-32d09291def9;G2 vs TFL G3 2020-08-22.13.10;Utopia Coliseum (Dusk);2020-08-22 13:10:36;loss;TEAM FRONTLINE;G2 ESPORTS;771;1;0;4;4;10;4;25;1233;143.84;6879;4688;2191;55;187;1481;890;591;10;51;131.17;77.72;950;857;108;1470565;513.88;387.72;137.84;598.52;382.8;58.12;25.59;285;357.75;681.69;357.75;733.37;306.08;537.88;350.67;150.9;1;1
61364d53-8dd9-4a87-9a61-32d09291def9;G2 vs TFL G3 2020-08-22.13.10;Utopia Coliseum (Dusk);2020-08-22 13:10:36;win;G2 ESPORTS;TEAM FRONTLINE;1266;4;4;2;10;4;1;40;1250;156.58;7296;5069;2227;62;187;2128;1164;964;14;74;121.9;87.65;1096;1108;253;1567537;431.35;434.75;176;586.78;377.21;78.1;30.91;277;222.68;819.42;222.68;600.79;441.3;422.65;371.39;248.05;1;1
bce5783d-c705-42fa-853c-ed8e15380f76;PPS vs KCP G2 2020-08-22.14.13;DFH Stadium (Day);2020-08-22 14:13:58;win;PPS;KC PIONEERS;886;2;0;4;8;7;1;25;1153;134.83;6484;4479;2005;53;167;1531;1016;515;11;39;117.46;81.48;910;832;84;1379426;515.16;369.59;118.28;571.75;370.89;60.39;23.98;219;266.19;736.84;266.19;718.37;284.66;570.12;270.66;162.23;4;3
bce5783d-c705-42fa-853c-ed8e15380f76;PPS vs KCP G2 2020-08-22.14.13;DFH Stadium (Day);2020-08-22 14:13:58;loss;KC PIONEERS;PPS;935;1;0;5;7;8;2;14.29;1235;143.85;6828;4980;1848;57;166;1769;1016;753;11;66;142.26;86.56;665;765;78;1442999;463.91;417.24;118.92;600.61;335.83;63.64;20.96;201;300.48;699.59;300.48;511.22;488.86;363.27;318.08;318.73;3;4
7c20295a-8eef-4ff7-9bef-8948726dfc35;G2 vs CTM G2 2020-08-22.11.43;DFH Stadium;2020-08-22 11:43:58;loss;CONTINUUM;G2 ESPORTS;704;0;0;3;6;7;2;0;1112;136.8;6227;4216;2011;48;178;1489;854;635;9;55;141.73;103.2;998;659;53;1478010;405.41;442.99;133.26;571.84;343.34;66.48;14.8;136;334.83;646.82;334.83;639.78;341.88;462.92;338.63;180.11;3;6
7c20295a-8eef-4ff7-9bef-8948726dfc35;G2 vs CTM G2 2020-08-22.11.43;DFH Stadium;2020-08-22 11:43:58;win;G2 ESPORTS;CONTINUUM;1126;2;1;6;7;6;0;28.57;1271;161.71;7035;4914;2121;65;172;2053;1342;711;17;57;111.18;117.6;964;1536;342;1537592;392.1;420.29;178.39;557.8;364.56;68.42;29.21;248;250.94;739.86;250.94;577.59;413.2;380.32;360.63;249.83;6;3
5bd070bb-0138-4b2b-a2a1-6effbd400358;SQ vs KCP G3 2020-08-22.11.46;DFH Stadium;2020-08-22 11:46:06;loss;SONIQS;KC PIONEERS;932;2;1;4;5;8;4;40;1133;155.69;6753;4407;2346;55;209;2022;1160;862;14;75;97.42;76.84;685;1142;228;1512687;526.76;429.53;132.34;599.12;412.34;77.15;22.66;218;328.95;759.67;328.95;700.71;387.91;508.23;348.72;231.68;4;1
5bd070bb-0138-4b2b-a2a1-6effbd400358;SQ vs KCP G3 2020-08-22.11.46;DFH Stadium;2020-08-22 11:46:06;win;KC PIONEERS;SONIQS;1228;4;4;3;8;5;2;50;1174;136.5;7025;4826;2199;60;179;1750;1188;562;13;50;123.17;108.08;750;1102;118;1502454;510.6;445.87;122.37;627.52;380.42;70.9;22.34;202;305.05;773.8;305.05;686.75;392.1;501.61;363.82;213.41;1;4
32536e4c-8cfd-46be-9e15-2914623499c1;ALP vs JJ G3 2020-08-22.19.21;DFH Stadium;2020-08-22 19:21:18;win;ALPINE ESPORTS;JJ;1733;5;4;7;8;9;1;62.5;1284;157;7496;5113;2383;64;204;1455;717;738;8;59;98.28;128.15;1420;1327;97;1568966;463.55;400.79;200.13;610.06;393.89;60.52;21.05;210;293.38;771.07;293.38;689.75;374.71;503.92;352.12;208.41;4;4
32536e4c-8cfd-46be-9e15-2914623499c1;ALP vs JJ G3 2020-08-22.19.21;DFH Stadium;2020-08-22 19:21:18;loss;JJ;ALPINE ESPORTS;634;1;1;2;9;8;5;11.11;1366;133.41;8300;5628;2672;65;228;1682;819;863;10;73;145.1;79.15;1562;898;181;1644355;409.46;428.75;227.55;585.82;415.49;64.43;21.61;212;319.08;746.66;319.08;692.25;373.5;527.54;324.6;213.6;4;4
9730e5f2-0c41-47d0-8271-afb3713a3782;NV vs PPS -1-2020-08-22.21.24;DFH Stadium;2020-08-22 21:24:45;win;TEAM ENVY;PPS;1200;2;2;6;10;7;1;20;1285;157.16;7284;5309;1975;66;177;1799;1122;677;14;61;87.25;132.44;1045;1376;291;1554166;406.3;432.66;172.6;569.13;387.13;55.28;22.51;174;239.2;772.36;239.2;575.73;435.83;370.46;370.73;270.37;6;1
9730e5f2-0c41-47d0-8271-afb3713a3782;NV vs PPS -1-2020-08-22.21.24;DFH Stadium;2020-08-22 21:24:45;loss;PPS;TEAM ENVY;1050;1;1;6;7;10;2;14.29;1229;137.68;6656;4566;2090;55;179;1231;822;409;9;38;116.91;92.56;801;968;79;1424075;470.73;387.27;137.64;568.33;356.33;70.99;22.59;242;285.82;709.83;285.82;743.86;251.78;581.82;277.54;136.29;1;6
b8339d86-b271-4689-b94b-e991a7346160;CLT vs JJ G2 2020-08-22.14.29;DFH Stadium;2020-08-22 14:29:19;loss;CHARLOTTE;JJ;838;0;0;7;5;10;2;0;1148;155.22;6138;4016;2122;51;187;1300;815;485;10;42;92.74;88.73;1249;919;105;1464273;415.18;406.97;147.26;569.62;346.12;53.68;26.16;217;294.48;674.94;294.48;702.05;267.38;526.84;295.79;146.8;3;5
b8339d86-b271-4689-b94b-e991a7346160;CLT vs JJ G2 2020-08-22.14.29;DFH Stadium;2020-08-22 14:29:19;win;JJ;CHARLOTTE;1108;2;2;3;10;5;0;20;1391;144.44;7697;5540;2157;65;190;1888;1225;663;15;62;113.06;88.51;1509;1004;277;1516631;383.7;414.34;177.36;546.7;377.73;50.97;23.3;217;241.73;733.66;241.73;577.52;397.88;382.97;362.55;229.88;5;3
30813e1d-2249-437d-b798-121d1cb39c79;KCP vs PK G3 2020-08-22.17.44;Utopia Coliseum (Dusk);2020-08-22 17:44:43;win;KC PIONEERS;KNIGHTS;1052;2;2;3;10;4;0;20;1262;163.03;7033;5025;2008;61;181;2067;1241;826;15;70;128.78;124.7;1252;1194;293;1460194;420.97;389.58;154.55;593.25;312.16;59.71;22.92;234;218.64;746.47;218.64;519.47;445.65;339.85;348.35;276.91;4;2
30813e1d-2249-437d-b798-121d1cb39c79;KCP vs PK G3 2020-08-22.17.44;Utopia Coliseum (Dusk);2020-08-22 17:44:43;loss;KNIGHTS;KC PIONEERS;899;0;0;7;4;10;2;0;1015;139.86;5186;3286;1900;42;160;770;378;392;4;33;137.37;120.51;688;963;20;1320651;517.44;339.51;102.01;561.5;338.33;59.14;20.52;183;250;708.96;250;748.24;210.72;591.32;262.59;105.03;2;4
cfec11d1-69ad-4477-bedc-1efeaa45dbd9;SQ vs V1 -2-2020-08-22.23.03;Urban Central (Dawn);2020-08-22 23:03:11;win;SONIQS;VERSION1;1344;5;4;3;7;7;3;71.43;1138;152.55;7309;5001;2308;60;207;1494;918;576;10;49;81.01;102.13;642;837;79;1562154;563.87;433.86;141.23;656.19;429.97;52.79;27.3;252;258.57;880.39;258.57;753.3;385.66;528.91;386.83;223.22;2;3
cfec11d1-69ad-4477-bedc-1efeaa45dbd9;SQ vs V1 -2-2020-08-22.23.03;Urban Central (Dawn);2020-08-22 23:03:11;loss;VERSION1;SONIQS;1111;3;3;2;7;7;5;42.86;1222;149.87;7883;5772;2111;66;189;1797;1210;587;13;51;103.28;119.84;755;897;87;1612933;530.16;435.33;176.37;611.9;464.51;65.45;20.02;192;338.54;803.32;338.54;775.6;366.26;590.44;327.09;224.33;3;2
184b414f-e775-454e-a458-5a936def414a;V1 vs PK G2 2020-08-22.13.39;Urban Central (Dawn);2020-08-22 13:39:46;loss;VERSION1;KNIGHTS;700;1;1;1;4;4;3;25;1232;149.94;7165;5084;2081;62;189;1729;1196;533;14;48;106.63;122.44;578;1215;208;1467751;475.55;405.49;139.1;556.51;404.05;59.57;20.13;185;313.6;706.53;313.6;654.8;365.33;482.96;316.76;220.4;2;1
184b414f-e775-454e-a458-5a936def414a;V1 vs PK G2 2020-08-22.13.39;Urban Central (Dawn);2020-08-22 13:39:46;win;KNIGHTS;VERSION1;831;3;0;1;4;4;1;75;1117;148.43;6277;4248;2029;52;177;1225;701;524;8;43;88.83;145.74;725;938;101;1432928;506.38;377.88;133.59;607.19;367.64;43.04;21.33;201;202.56;815.29;202.56;712.18;305.67;520.69;345.8;151.37;1;2
50a6df93-f963-4e78-b77a-cc909d20b213;V1 vs PK G3 2020-08-22.13.48;Utopia Coliseum (Dusk);2020-08-22 13:48:05;win;VERSION1;KNIGHTS;1166;4;4;2;10;8;3;40;1223;158.61;7684;5727;1957;71;166;1501;943;558;12;48;89.22;127.34;501;1334;230;1514121;530.88;447.13;119.69;619.51;414.96;63.22;21.02;189;303.24;794.46;303.24;740.87;356.83;532.05;375.82;189.83;2;3
50a6df93-f963-4e78-b77a-cc909d20b213;V1 vs PK G3 2020-08-22.13.48;Utopia Coliseum (Dusk);2020-08-22 13:48:05;loss;KNIGHTS;VERSION1;1122;3;3;6;8;10;4;37.5;1066;151.49;6284;4335;1949;55;173;1177;532;645;6;56;109.98;140.52;926;966;100;1504392;577.41;378.75;144.58;648.78;392.89;59.06;24.27;214;261.58;839.15;261.58;758.84;341.89;560.08;351.09;189.57;3;2
2a69c054-47e9-4260-8f23-0936631fa529;NRG vs SSG -1-2020-08-22.20.45;DFH Stadium;2020-08-22 20:45:32;loss;NRG;SPACESTATION;1057;1;1;7;5;12;2;20;1136;146.83;6250;4196;2054;54;182;916;357;559;6;49;88.72;106.01;935;1247;248;1483934;417.75;426.25;149.94;557.22;369.15;67.58;23.88;252;258.96;735;258.96;684.26;309.7;513.42;309.09;171.43;0;5
2a69c054-47e9-4260-8f23-0936631fa529;NRG vs SSG -1-2020-08-22.20.45;DFH Stadium;2020-08-22 20:45:32;win;SPACESTATION;NRG;1079;2;2;3;12;5;1;16.67;1258;150.31;7187;5241;1946;63;166;1251;674;577;8;50;112.82;168.62;911;1141;125;1499694;445.55;404.21;161.38;566.68;363.74;80.71;21.39;197;273.32;737.82;273.32;628.71;382.42;457.5;343.34;210.3;5;0
0f913c0f-b7e0-44c7-9edd-66a43a386e86;RGE vs ALP -1-2020-08-23.01.10;DFH Stadium;2020-08-23 01:10:29;loss;ROGUE;ALPINE ESPORTS;1344;1;1;10;9;14;3;11.11;1427;148.69;8354;6310;2044;74;185;2099;1341;758;16;71;143.75;128.4;2040;1112;299;1650101;406.19;450.78;208.99;616;384.49;65.45;22.54;218;331.13;734.83;331.13;645.42;420.54;456.46;369.09;240.41;4;2
0f913c0f-b7e0-44c7-9edd-66a43a386e86;RGE vs ALP -1-2020-08-23.01.10;DFH Stadium;2020-08-23 01:10:29;win;ALPINE ESPORTS;ROGUE;1157;3;1;5;14;9;1;21.43;1164;142.64;6715;4086;2629;47;228;1093;509;584;6;52;139.45;89.6;1036;643;103;1554377;465.55;439.46;153.37;614.58;388.37;55.43;22.01;252;251.2;807.19;251.2;732.36;326.02;548.61;328.14;181.64;2;4
4d838275-e05b-4321-b62f-f4d1c935f180;TFL vs PK G5 2020-08-22.20.45;DFH Stadium;2020-08-22 20:45:51;win;TEAM FRONTLINE;KNIGHTS;987;1;1;5;9;7;0;11.11;1201;155.15;6369;4355;2014;52;178;1858;1237;621;14;53;89.39;90.94;646;903;186;1364475;421.8;390.02;120.8;503.08;360.43;69.14;20.51;238;220.19;712.45;220.19;564.73;367.91;416.19;290.28;226.17;1;4
4d838275-e05b-4321-b62f-f4d1c935f180;TFL vs PK G5 2020-08-22.20.45;DFH Stadium;2020-08-22 20:45:51;loss;KNIGHTS;TEAM FRONTLINE;806;0;0;5;7;9;1;0;1231;150.63;6398;4254;2144;54;186;1569;977;592;11;51;71.22;124.04;1034;1179;120;1405109;434.47;353.35;154.11;550.97;332.66;58.3;21.55;194;297.84;644.08;297.84;659.56;282.36;488.67;301.32;151.94;4;1
884869b0-092c-451e-9cdd-56fe794facd7;NV vs PPS -2-2020-08-22.21.33;Urban Central (Dawn);2020-08-22 21:33:05;win;TEAM ENVY;PPS;910;2;0;3;7;6;1;28.57;1206;160.6;7788;5437;2351;68;202;1753;1019;734;13;61;101.6;157.85;1013;1355;294;1725823;543.72;476.57;161.61;669.35;412.75;99.82;27.11;217;302.75;879.14;302.75;730.14;451.68;512.12;419.83;249.96;2;3
884869b0-092c-451e-9cdd-56fe794facd7;NV vs PPS -2-2020-08-22.21.33;Urban Central (Dawn);2020-08-22 21:33:05;loss;PPS;TEAM ENVY;899;1;1;4;6;7;2;16.67;1217;133.65;8190;5875;2315;67;204;1565;895;670;10;60;159.33;113.31;829;895;114;1658019;601.08;456.81;127.02;660.55;417.28;107.06;31.03;287;291.96;892.93;291.96;816.95;367.95;591.78;395.41;197.71;3;2
ce3a50e5-317d-4d8f-a98b-23440be8a0a3;SQ vs KCP G4 2020-08-22.11.53;DFH Stadium;2020-08-22 11:53:20;loss;SONIQS;KC PIONEERS;847;1;1;3;5;8;2;20;1139;170.73;6296;4178;2118;55;195;1686;976;710;14;64;72.2;77.71;944;1417;452;1467541;432.58;427.24;135.41;575.36;363.63;56.23;22.49;214;303.83;691.4;303.83;612.27;382.97;422.35;339.06;233.82;2;2
ce3a50e5-317d-4d8f-a98b-23440be8a0a3;SQ vs KCP G4 2020-08-22.11.53;DFH Stadium;2020-08-22 11:53:20;win;KC PIONEERS;SONIQS;924;2;1;4;8;5;1;25;1116;143.41;6190;4059;2131;51;184;1296;696;600;8;49;140.35;82.43;708;992;31;1431178;466.7;435.09;97.91;586.38;344.92;68.39;18.13;169;273.77;725.95;273.77;670.35;329.36;486.87;330.62;182.2;2;2
71d776e4-ebe3-45b1-b37a-d1c0e9c71315;SQ vs CTM G3 2020-08-22.13.21;DFH Stadium;2020-08-22 13:21:28;loss;CONTINUUM;SONIQS;981;1;1;5;7;10;4;14.29;1115;137.57;6542;4635;1907;57;171;1819;1200;619;14;57;131.34;127.16;1092;1039;221;1460078;531;371.95;142.27;615.51;367.58;62.14;17.38;158;339.6;705.63;339.6;701.5;343.7;521.87;330.43;192.92;2;4
71d776e4-ebe3-45b1-b37a-d1c0e9c71315;SQ vs CTM G3 2020-08-22.13.21;DFH Stadium;2020-08-22 13:21:28;win;SONIQS;CONTINUUM;1338;4;3;4;10;7;1;40;1138;157.84;6702;4532;2170;53;188;2364;1357;1007;16;83;78.96;118.26;740;831;270;1493955;505.64;428.26;117.52;571.03;389.41;90.97;22.41;210;285.75;765.67;285.75;582.11;469.3;411.43;364.71;275.26;4;2
c13df545-b98c-4e3e-b53b-e0462ce99250;SQ vs CTM G4 2020-08-22.13.28;DFH Stadium;2020-08-22 13:28:40;win;SONIQS;CONTINUUM;1306;4;3;3;14;5;1;28.57;1142;159.77;6620;4360;2260;54;203;1776;833;943;12;85;90.78;110.16;673;1143;408;1488966;496.45;409.7;135.9;580.05;409.99;52.05;22.4;223;267.21;774.85;267.21;516.1;525.97;328.27;376.79;337.01;3;2
c13df545-b98c-4e3e-b53b-e0462ce99250;SQ vs CTM G4 2020-08-22.13.28;DFH Stadium;2020-08-22 13:28:40;loss;CONTINUUM;SONIQS;1092;1;1;8;5;14;4;20;1109;145.97;6428;4541;1887;57;155;1099;660;439;8;32;129.24;103.29;965;1187;138;1471080;507.82;398.81;132.08;617.67;374.23;46.83;19.36;167;406.83;631.89;406.83;773.43;265.3;592.83;298.83;147.07;2;3
486b94a5-8e84-45b2-915d-7baf67140e2e;72 vs PK G2 2020-08-22.15.54;DFH Stadium;2020-08-22 15:54:27;loss;72PC;KNIGHTS;984;2;2;5;6;9;4;33.33;1222;143.88;7583;5283;2300;63;204;1375;892;483;11;44;102.72;124.08;967;1021;218;1533895;481.76;436.98;152;576.2;437.13;57.41;24.09;241;341.59;729.15;341.59;740.65;330.1;539.45;354.31;176.98;3;4
486b94a5-8e84-45b2-915d-7baf67140e2e;72 vs PK G2 2020-08-22.15.54;DFH Stadium;2020-08-22 15:54:27;win;KNIGHTS;72PC;1226;4;4;4;9;6;2;44.44;1124;151.17;6926;4326;2600;54;224;1649;991;658;12;59;104.72;147.95;748;1191;216;1531428;507.05;389.16;174.28;634.16;390.44;45.9;20.14;191;255.57;814.92;255.57;689.73;380.76;491.64;382.32;196.53;4;3
c62d1765-3aad-4438-8c43-7bb05c6bd26f;NRG vs KCP G1 2020-08-22.16.33;DFH Stadium;2020-08-22 16:33:36;win;NRG;KC PIONEERS;2097;7;7;6;15;8;2;46.67;1219;148.61;7874;5503;2371;68;216;1571;899;672;11;59;116.23;117.01;1010;1338;243;1644256;511.04;451.61;194.75;645.42;455.21;56.76;23.64;282;264.09;893.31;264.09;738.67;418.71;557.59;349.39;250.42;4;1
c62d1765-3aad-4438-8c43-7bb05c6bd26f;NRG vs KCP G1 2020-08-22.16.33;DFH Stadium;2020-08-22 16:33:36;loss;KC PIONEERS;NRG;1032;2;2;6;8;15;7;25;1195;129.68;7679;5162;2517;60;209;1663;737;926;8;68;187.92;72.57;969;865;69;1602009;542.96;448.46;156.6;659.21;436.09;52.72;24.25;242;375.28;772.74;375.28;762.06;385.96;567.94;367.5;212.58;1;4
e397fd96-b5a5-4103-bd68-ff6ded294fa3;RGE vs NV -3-2020-08-22.20.22;Utopia Coliseum (Dusk);2020-08-22 20:22:27;loss;ROGUE;TEAM ENVY;752;0;0;5;5;8;1;0;1270;140.02;6689;4685;2004;57;165;1342;829;513;10;46;145.81;95.19;1523;1075;184;1430763;433.62;360.3;162.95;537.47;343.1;76.28;21.81;206;325.62;631.23;325.62;650.75;306.12;495.5;284.34;177.01;4;1
e397fd96-b5a5-4103-bd68-ff6ded294fa3;RGE vs NV -3-2020-08-22.20.22;Utopia Coliseum (Dusk);2020-08-22 20:22:27;win;TEAM ENVY;ROGUE;844;1;1;3;8;5;0;12.5;1116;159.72;5816;4080;1736;52;147;1185;730;455;10;42;101.35;112.03;680;1097;290;1404066;434.23;397.2;116.44;535.83;339.54;72.51;22.12;166;197.67;750.19;197.67;576.24;371.63;371.15;357.85;218.86;1;4
ee060489-7cb9-432b-ad23-78848166c706;NV vs 72 G4 2020-08-22.09.57;Mannfield (Night);2020-08-22 09:57:08;win;TEAM ENVY;72PC;1234;3;0;5;14;8;1;21.43;1182;150.61;6957;5151;1806;62;162;1637;1079;558;13;51;115.32;95.69;820;1011;231;1516931;449.43;441.32;146.64;564.17;419.19;54.05;23.43;162;261.37;776.03;261.37;667.25;370.15;503.04;306.43;227.94;4;1
ee060489-7cb9-432b-ad23-78848166c706;NV vs 72 G4 2020-08-22.09.57;Mannfield (Night);2020-08-22 09:57:08;loss;72PC;TEAM ENVY;966;1;1;6;8;14;3;12.5;1130;137.89;6400;4508;1892;51;166;1481;822;659;9;59;137.71;92.97;781;612;76;1498826;446.3;426.13;153.1;542.56;425.25;57.72;23.63;238;344.28;681.26;344.28;621.56;403.97;450.04;341.47;234.03;1;4
6f7f64b6-98c6-49c2-9960-2d9552128ced;SQ vs CTM G2 2020-08-22.13.14;DFH Stadium;2020-08-22 13:14:37;loss;SONIQS;CONTINUUM;879;2;1;2;9;5;3;22.22;1176;157.63;6966;4674;2292;61;202;2237;1284;953;17;78;70.96;111.5;669;1199;318;1520136;491.69;435.32;133.77;606.67;382.15;71.96;21.98;200;309.28;751.5;309.28;573.39;487.4;384.3;389.01;287.48;1;5
6f7f64b6-98c6-49c2-9960-2d9552128ced;SQ vs CTM G2 2020-08-22.13.14;DFH Stadium;2020-08-22 13:14:37;win;CONTINUUM;SONIQS;1309;3;3;6;5;9;2;60;1149;149.53;6823;4893;1930;62;167;1421;912;509;11;45;143.7;149.57;857;1329;200;1516898;512.51;429.49;130.98;619.35;391.4;62.22;19.36;161;315.6;757.39;315.6;788.88;284.1;602.58;329.97;140.42;5;1
10cd182a-36d4-4ac2-bffc-81dae0e0f9f6;RGE vs SQ G2 2020-08-22.14.41;Urban Central (Dawn);2020-08-22 14:41:15;win;SONIQS;ROGUE;1167;3;3;3;8;5;2;37.5;1107;154.79;6481;4095;2386;48;214;1361;659;702;8;62;105.34;76.84;591;772;164;1473124;489.61;429.66;123.28;582.65;386.57;73.31;25.56;235;299.52;743.03;299.52;669.89;372.66;480.54;348.85;213.15;2;6
10cd182a-36d4-4ac2-bffc-81dae0e0f9f6;RGE vs SQ G2 2020-08-22.14.41;Urban Central (Dawn);2020-08-22 14:41:15;loss;ROGUE;SONIQS;1077;2;2;4;5;8;3;40;1355;142.05;7642;5764;1878;67;172;2011;1310;701;16;64;134.24;153.9;1397;1020;331;1487871;496.71;406.75;151.23;603.52;369.42;81.76;19.68;197;321.42;733.29;321.42;665.01;389.69;508.48;327.54;218.67;6;2
0c87afb4-82ab-44bf-bfd6-092f2e24ed4b;V1 vs PK G1 2020-08-22.13.32;DFH Stadium;2020-08-22 13:32:35;win;VERSION1;KNIGHTS;1445;3;3;3;10;6;2;30;1193;155.84;8874;6182;2692;81;237;1846;1115;731;14;65;152.98;111.77;951;1796;289;1865808;583.41;542.18;164.67;719.97;492.68;77.6;26.92;245;338.33;951.93;338.33;847.77;442.48;605.75;427.52;256.98;4;2
0c87afb4-82ab-44bf-bfd6-092f2e24ed4b;V1 vs PK G1 2020-08-22.13.32;DFH Stadium;2020-08-22 13:32:35;loss;KNIGHTS;VERSION1;929;2;0;4;6;10;3;33.33;1190;160.17;8334;5470;2864;73;260;1737;939;798;12;71;83.25;191.15;1440;1950;276;1859542;622.6;442.27;215.75;789.57;411.02;80.03;26.32;243;290.99;989.63;290.99;860.66;419.97;613.38;456.17;211.07;2;4
04e471b7-b121-4469-b1a5-308a0d13cd80;CLT vs 72 G4 2020-08-22.14.27;DFH Stadium;2020-08-22 14:27:06;loss;CHARLOTTE;72PC;801;0;0;4;8;6;1;0;1209;149.15;6679;4317;2362;52;213;1262;676;586;8;53;136.32;95.47;939;966;133;1464356;429.19;412.84;132.97;577.15;342.66;55.17;26.04;197;282.72;692.29;282.72;664.69;310.31;499.19;301.15;174.65;4;3
04e471b7-b121-4469-b1a5-308a0d13cd80;CLT vs 72 G4 2020-08-22.14.27;DFH Stadium;2020-08-22 14:27:06;win;72PC;CHARLOTTE;1068;1;1;7;6;8;0;16.67;1156;145.34;6290;4155;2135;53;188;1634;1031;603;13;53;117.56;81.63;867;997;265;1429487;455.45;390.98;125.74;555.95;359.99;56.22;26.32;241;254.71;717.48;254.71;581.53;390.65;421.57;321.24;229.35;3;4
b340c43e-78ab-47fe-bfc6-fe3850d43bc2;KCP vs PK G1 2020-08-22.17.29;DFH Stadium;2020-08-22 17:29:16;loss;KC PIONEERS;KNIGHTS;948;1;1;4;5;6;2;20;1248;151.05;7140;4813;2327;57;197;1557;833;724;9;56;116.47;109.55;924;1006;71;1545069;449.41;472;125.41;616.85;328.67;101.32;24.84;244;295.68;751.14;295.68;684.58;362.26;465.39;401.17;180.27;2;2
b340c43e-78ab-47fe-bfc6-fe3850d43bc2;KCP vs PK G1 2020-08-22.17.29;DFH Stadium;2020-08-22 17:29:16;win;KNIGHTS;KC PIONEERS;1021;2;0;4;6;5;1;33.33;1159;155.58;6648;4609;2039;57;187;1221;727;494;10;45;98.26;129.91;810;1116;291;1504277;496.01;413.47;137.19;603.78;361.02;81.87;21.95;192;256.92;789.73;256.92;719.87;326.8;496.54;395.77;154.36;2;2
daa8c6cb-dcc6-4cf5-a1b4-68a775ffe476;TFL vs PK G4 2020-08-22.20.39;DFH Stadium;2020-08-22 20:39:23;win;TEAM FRONTLINE;KNIGHTS;977;1;1;6;7;5;0;14.29;1207;154.08;6536;4542;1994;55;177;1430;839;591;10;54;88.47;95.04;629;1033;161;1406872;466.65;388.72;108.94;562.07;339.25;63;26.03;255;243.47;720.84;243.47;625.48;338.84;448.22;312.88;203.21;0;3
daa8c6cb-dcc6-4cf5-a1b4-68a775ffe476;TFL vs PK G4 2020-08-22.20.39;DFH Stadium;2020-08-22 20:39:23;loss;KNIGHTS;TEAM FRONTLINE;835;0;0;4;5;7;1;0;1201;144.97;6253;4098;2155;48;194;1301;696;605;8;55;152.28;98.51;857;777;102;1415704;454.87;391.73;126.67;556.04;354.46;62.76;19.97;173;295.07;678.2;295.07;628.05;345.23;455.82;329.99;187.47;3;0
5be508b8-1fba-47e4-a6ad-1c3df5887649;CLT vs 72 G2 2020-08-22.14.13;DFH Stadium;2020-08-22 14:13:52;loss;CHARLOTTE;72PC;847;1;0;3;7;6;2;14.29;1357;166.89;7775;5151;2624;64;230;1974;1279;695;16;60;122.71;98.28;1063;1331;319;1539447;442.33;420.39;168.2;584.21;388.14;58.58;25.43;233;306.14;724.79;306.14;654.43;376.49;482.93;316.83;231.16;2;5
5be508b8-1fba-47e4-a6ad-1c3df5887649;CLT vs 72 G2 2020-08-22.14.13;DFH Stadium;2020-08-22 14:13:52;win;72PC;CHARLOTTE;1129;2;2;4;6;7;1;33.33;1098;133.51;6345;3897;2448;44;208;1240;689;551;8;48;148.28;93.11;686;523;111;1462419;511.6;419.25;110.17;588.61;386.47;65.94;29.56;240;268.96;772.06;268.96;679.75;361.26;498.24;345.74;197.03;5;2
dd03cef8-6dfa-4e11-a69e-aea76db98f1f;RGE vs SQ G4 2020-08-22.14.57;Mannfield (Night);2020-08-22 14:57:52;win;ROGUE;SONIQS;1478;2;1;8;10;10;1;20;1325;152.68;8964;6576;2388;90;200;2597;1870;727;23;61;177.9;178.39;2351;2418;437;1906654;557.69;451.7;249.48;783.17;392.93;82.77;27.44;255;354.1;904.77;354.1;770.7;488.17;573.97;388.63;296.28;5;3
dd03cef8-6dfa-4e11-a69e-aea76db98f1f;RGE vs SQ G4 2020-08-22.14.57;Mannfield (Night);2020-08-22 14:57:52;loss;SONIQS;ROGUE;1314;1;1;7;10;10;2;10;1010;141.23;7164;4471;2693;53;241;2191;1344;847;15;76;102.93;80.54;993;899;166;1790656;611.42;479.93;158.41;727.01;463.15;59.6;31.2;304;366.41;883.36;366.41;794.69;455.07;595.11;378.6;276.06;3;5
4b68dc34-c0d4-4e3a-8503-9e0aa6e9fb1f;ALP vs JJ G4 2020-08-22.19.29;DFH Stadium;2020-08-22 19:29:45;win;ALPINE ESPORTS;JJ;1312;2;2;5;5;8;1;40;1211;164.25;8187;5581;2606;73;224;1750;1100;650;13;57;135.2;141.76;1407;1828;196;1770401;550.05;470.55;184.75;709.74;420.12;75.5;28.13;268;347.93;857.43;347.93;807.79;397.56;566.24;429.31;209.81;2;2
4b68dc34-c0d4-4e3a-8503-9e0aa6e9fb1f;ALP vs JJ G4 2020-08-22.19.29;DFH Stadium;2020-08-22 19:29:45;loss;JJ;ALPINE ESPORTS;856;1;1;3;8;5;2;12.5;1306;131.74;8431;5231;3200;61;268;1761;761;1000;9;87;174.81;102.72;1434;761;154;1837466;506.31;508.67;190.35;721.97;396.23;87.12;27.35;250;308.73;896.58;308.73;763.02;442.31;528.88;438.21;238.23;2;2
86a7e5de-0bb3-4ac5-a45e-a363bd5d757a;SQ vs V1 -1-2020-08-22.22.54;DFH Stadium;2020-08-22 22:54:12;loss;SONIQS;VERSION1;1372;1;0;7;13;10;2;7.69;1128;159.99;9783;6336;3447;79;302;2655;1563;1092;19;100;166.32;164.32;1045;1589;353;2324464;681.89;677.31;200.38;888.19;575.35;96.05;44.02;396;456.28;1103.31;456.28;921.38;638.22;655.63;499.51;404.45;6;6
86a7e5de-0bb3-4ac5-a45e-a363bd5d757a;SQ vs V1 -1-2020-08-22.22.54;DFH Stadium;2020-08-22 22:54:12;win;VERSION1;SONIQS;1844;2;2;9;10;13;1;20;1188;159.52;10400;6892;3508;93;306;2321;1445;876;19;71;174.28;128.13;1368;2480;452;2218475;779.04;587.36;192.96;866.21;579.13;114.01;33.98;304;431.27;1128.08;431.27;1027.69;531.67;801.17;449.56;308.64;6;6
9dea0eec-1e0b-4ec2-b11f-7b37035b4c4f;SQ vs TFL -1-2020-08-23.00.29;DFH Stadium;2020-08-23 00:29:48;win;SONIQS;TEAM FRONTLINE;1474;2;1;10;7;13;1;28.57;1131;159.16;7441;4967;2474;63;222;2372;1597;775;20;70;109.16;120.44;875;1350;323;1642351;554.27;476.49;120.29;649.01;434.2;67.84;30.23;283;382.03;769.02;382.03;671.14;479.91;461.91;418.28;270.85;6;4
9dea0eec-1e0b-4ec2-b11f-7b37035b4c4f;SQ vs TFL -1-2020-08-23.00.29;DFH Stadium;2020-08-23 00:29:48;loss;TEAM FRONTLINE;SONIQS;907;1;1;3;13;7;2;7.69;1212;146.83;7770;5230;2540;64;217;1949;1187;762;13;67;163.01;75.28;633;948;120;1647705;549.99;459.42;135.21;650.63;423.83;70.16;30.03;318;307.83;836.77;307.83;759.64;384.96;551.03;369.26;224.32;4;6
c18efa3c-59d9-4caa-953a-66db4d151afc;ALP vs CLT G2 2020-08-22.16.00;Urban Central (Dawn);2020-08-22 16:00:38;loss;CHARLOTTE;ALPINE ESPORTS;1170;2;2;5;10;7;3;20;1197;148.55;6896;4678;2218;56;203;1754;968;786;12;71;134.4;87.27;1218;1007;254;1548929;461.39;418.51;166.45;599.78;385.02;61.57;23.39;201;281.98;764.39;281.98;650.82;395.55;492.11;298.25;256.01;2;1
c18efa3c-59d9-4caa-953a-66db4d151afc;ALP vs CLT G2 2020-08-22.16.00;Urban Central (Dawn);2020-08-22 16:00:38;win;ALPINE ESPORTS;CHARLOTTE;1348;3;2;7;7;10;2;42.86;1123;169.34;6650;4724;1926;59;175;1032;592;440;9;41;99.37;123.28;857;1133;342;1463381;502.94;410.1;130.22;562.17;408.13;72.98;20.08;210;303.99;739.29;303.99;711.26;332.02;557.65;293.47;192.18;1;2
056937ab-f5d9-4bce-8e6f-023deadcc81b;NV vs PPS -3-2020-08-22.21.41;Utopia Coliseum (Dusk);2020-08-22 21:41:27;win;TEAM ENVY;PPS;1247;2;2;5;7;8;1;28.57;1190;157.53;7529;5541;1988;68;166;2249;1683;566;20;51;148.11;112.66;838;1351;334;1622138;548.17;462.59;121.03;627.7;430.58;73.5;26.87;201;297.9;833.88;297.9;694.15;437.65;526.97;341.03;263.78;5;0
056937ab-f5d9-4bce-8e6f-023deadcc81b;NV vs PPS -3-2020-08-22.21.41;Utopia Coliseum (Dusk);2020-08-22 21:41:27;loss;PPS;TEAM ENVY;857;1;0;4;8;7;2;12.5;1168;132.25;7032;4586;2446;54;198;1554;815;739;9;56;210.56;85.1;959;855;96;1576384;555.71;434.56;127.79;642.43;395.1;80.51;24.89;234;311.28;806.77;311.28;723.77;394.28;518.21;365.74;234.09;0;5
93f482e3-c9db-4172-9f52-40e8349d2428;RGE vs G2 -4-2020-08-23.00.04;Mannfield (Night);2020-08-23 00:04:13;loss;ROGUE;G2 ESPORTS;573;0;0;3;6;7;4;0;1287;133.51;6839;4784;2055;60;183;1712;1247;465;15;41;163.09;96.39;1452;1015;227;1556616;418.67;419.75;185.96;588.82;354.16;81.41;16.28;164;323.09;701.28;323.09;712.57;311.8;542.38;301.8;180.2;3;4
93f482e3-c9db-4172-9f52-40e8349d2428;RGE vs G2 -4-2020-08-23.00.04;Mannfield (Night);2020-08-23 00:04:13;win;G2 ESPORTS;ROGUE;1285;4;3;3;7;6;0;57.14;1380;147.55;7899;5774;2125;68;182;2455;1623;832;19;67;152.59;92.43;1186;948;287;1546427;418.13;433.32;175.94;571.54;384.55;71.29;26.27;235;284.09;743.3;284.09;609.16;418.24;410.66;367.55;249.18;4;3
b1339a0e-c169-41f4-a1b3-38e6e61f3060;RGE vs ALP -3-2020-08-23.01.33;Utopia Coliseum (Dusk);2020-08-23 01:33:57;loss;ROGUE;ALPINE ESPORTS;2905;3;3;19;16;27;4;18.75;1264;145.68;15459;10856;4603;129;394;2919;1705;1214;21;107;325.73;264.4;2315;2226;449;3265822;1066.73;829.9;340.54;1282.94;784.96;169.25;48.87;470;664.68;1572.49;664.68;1586.2;650.98;1182.07;717.08;338.01;7;4
b1339a0e-c169-41f4-a1b3-38e6e61f3060;RGE vs ALP -3-2020-08-23.01.33;Utopia Coliseum (Dusk);2020-08-23 01:33:57;win;ALPINE ESPORTS;ROGUE;2644;4;4;13;27;16;3;14.81;1280;154.29;15493;11012;4481;126;400;3560;2051;1509;22;127;274.76;263.85;2160;1826;170;3320778;932.58;942.13;351.56;1278.81;786.08;161.37;47.48;517;571.89;1654.37;571.89;1292.28;933.98;883.62;799.42;543.23;4;7
761aff42-9de2-41f3-a78e-fbb3f0238165;G2 vs CTM G1 2020-08-22.11.37;DFH Stadium;2020-08-22 11:37:35;loss;CONTINUUM;G2 ESPORTS;926;1;1;4;5;8;4;20;1103;151.52;6641;4730;1911;58;166;1363;911;452;11;41;113.21;112.24;966;1118;186;1552756;466.38;445.91;152.38;617.51;366.09;81.09;14.43;133;300.39;764.28;300.39;735.12;329.56;552.9;334.97;176.81;1;1
761aff42-9de2-41f3-a78e-fbb3f0238165;G2 vs CTM G1 2020-08-22.11.37;DFH Stadium;2020-08-22 11:37:35;win;G2 ESPORTS;CONTINUUM;1357;4;4;3;8;5;1;50;1218;151.84;7292;5023;2269;60;189;1983;1030;953;12;69;121.41;100.07;1034;1084;187;1584758;458.98;432.19;173.09;583.33;413.9;67;23.28;213;305.42;758.82;305.42;637.88;426.38;438.16;381.12;244.97;1;1
1bfcdf9f-cce4-40ef-8315-169eb29eeba6;G2 vs SSG -2-2020-08-22.22.06;Urban Central (Dawn);2020-08-22 22:06:16;loss;G2 ESPORTS;SPACESTATION;955;1;1;6;7;8;2;14.29;1244;149.93;6934;4728;2206;56;188;1966;1100;866;13;68;165.2;80.46;896;858;212;1557206;359.76;456.8;168.52;527.19;397.49;60.39;25.5;225;321.16;663.9;321.16;564.89;420.2;396.93;339.86;248.29;2;2
1bfcdf9f-cce4-40ef-8315-169eb29eeba6;G2 vs SSG -2-2020-08-22.22.06;Urban Central (Dawn);2020-08-22 22:06:16;win;SPACESTATION;G2 ESPORTS;1067;2;2;5;8;7;1;25;1162;149.04;6390;4429;1961;56;165;1081;576;505;6;46;128.83;136.27;948;1178;47;1423754;461.52;387.45;136.09;589.53;340.97;54.57;20.13;181;214.63;770.42;214.63;673.8;311.26;519.02;291.17;174.87;2;2
404cfbb4-3d24-489b-a2ee-f61902a917c4;G2 vs SSG -3-2020-08-22.22.14;Utopia Coliseum (Dusk);2020-08-22 22:14:48;win;SPACESTATION;G2 ESPORTS;1485;5;4;5;14;7;2;35.71;1225;154.21;7874;5869;2005;73;174;1591;1065;526;11;47;119.45;138.71;1384;1511;42;1621436;516.94;422.34;189.11;686.17;377.96;64.28;23.98;236;238.42;889.98;238.42;747.88;380.51;537.89;382.47;208.04;2;3
404cfbb4-3d24-489b-a2ee-f61902a917c4;G2 vs SSG -3-2020-08-22.22.14;Utopia Coliseum (Dusk);2020-08-22 22:14:48;loss;G2 ESPORTS;SPACESTATION;1094;2;2;7;7;14;5;28.57;1247;127.38;7471;5046;2425;56;199;1318;554;764;6;52;207.68;83.13;1188;595;54;1683135;455.7;474.89;197.18;623.21;443.33;61.25;30.54;286;372.53;755.24;372.53;763.6;364.17;566.49;365.36;195.92;3;2
38ddc6f0-5f6c-43c0-b2f1-0d92f93760e2;SSG vs PK G4 2020-08-22.11.58;DFH Stadium;2020-08-22 11:58:47;win;SPACESTATION;KNIGHTS;1452;3;2;10;10;13;2;30;1180;156.55;6985;5167;1818;63;159;1625;939;686;11;55;82.65;175.57;1104;1228;181;1494974;471;408.06;148.71;586.26;374.49;67.04;22.06;181;238.23;789.55;238.23;639.92;387.86;467.59;337.28;222.9;2;2
38ddc6f0-5f6c-43c0-b2f1-0d92f93760e2;SSG vs PK G4 2020-08-22.11.58;DFH Stadium;2020-08-22 11:58:47;loss;KNIGHTS;SPACESTATION;1174;2;2;6;13;10;3;15.38;1077;150.82;5842;3574;2268;50;201;997;358;639;5;55;89.54;117.47;905;1430;144;1441551;517.19;361.71;148.98;614.56;348.31;65.01;20.88;183;266.73;761.15;266.73;713.87;314;557.67;300.78;169.44;2;2
1cfee9ab-c136-4439-8e8b-44e55c19396b;V1 vs CTM G2 2020-08-22.15.40;DFH Stadium;2020-08-22 15:40:31;loss;VERSION1;CONTINUUM;1039;3;3;2;10;5;4;30;1240;151.43;7470;5355;2115;64;192;2308;1343;965;16;85;110;103.3;744;1107;278;1568513;477.1;465.54;155.08;579.5;445.61;72.61;18.77;188;305.91;791.83;305.91;583.75;513.97;398.17;364.05;335.51;6;3
1cfee9ab-c136-4439-8e8b-44e55c19396b;V1 vs CTM G2 2020-08-22.15.40;DFH Stadium;2020-08-22 15:40:31;win;CONTINUUM;VERSION1;1342;4;2;6;5;10;3;80;1005;137.64;6079;4212;1867;55;154;935;436;499;7;44;134.15;131.57;723;1310;262;1465475;570.04;387.82;129.54;627.89;403.5;55.97;15.55;130;311.64;775.74;311.64;807.97;279.41;626.79;313.71;146.88;3;6
164e3a42-786a-4935-8b63-61ceb81b3cfc;KCP vs PK G2 2020-08-22.17.38;Urban Central (Dawn);2020-08-22 17:38:04;loss;KC PIONEERS;KNIGHTS;1331;3;3;5;13;12;5;23.08;1377;138.84;8511;6141;2370;69;208;1728;973;755;11;66;156.31;107.05;1321;804;143;1669311;438.44;521.3;168.84;659.9;386.17;82.5;27.12;279;350.7;777.87;350.7;680.1;448.47;468.9;393.95;265.73;1;2
164e3a42-786a-4935-8b63-61ceb81b3cfc;KCP vs PK G2 2020-08-22.17.38;Urban Central (Dawn);2020-08-22 17:38:04;win;KNIGHTS;KC PIONEERS;1679;5;2;7;12;13;3;41.67;1078;142.63;6850;4663;2187;58;190;747;369;378;4;35;98.19;154.24;752;1018;45;1510756;606.83;390.68;134.22;664.65;398.23;68.84;26.53;230;200.05;931.68;200.05;888.94;242.79;704.98;307.04;119.71;2;1
08b2d07c-80e6-49dc-8af6-52d5f8a9ed3a;G2 vs TFL G1 2020-08-22.12.56;DFH Stadium;2020-08-22 12:56:27;win;G2 ESPORTS;TEAM FRONTLINE;1123;3;3;2;10;3;0;30;1344;156.03;7551;5572;1979;69;180;1639;1005;634;12;57;101.51;101.19;1038;1332;193;1526653;375.01;444.77;170.7;562.42;373.09;54.95;27.29;240;279.7;710.77;279.7;609.05;381.42;432.86;340.47;217.15;7;4
08b2d07c-80e6-49dc-8af6-52d5f8a9ed3a;G2 vs TFL G1 2020-08-22.12.56;DFH Stadium;2020-08-22 12:56:27;loss;TEAM FRONTLINE;G2 ESPORTS;730;0;0;4;3;10;3;0;1170;145.35;6268;4100;2168;49;193;992;468;524;6;45;128.94;73.41;533;886;130;1445774;429.2;420.74;132.5;535.97;386.09;60.39;23.95;256;282.5;699.94;282.5;679.53;302.91;497.81;311.9;172.74;4;7
fc9ebfd4-c373-4f18-8cd5-5945bada0353;NRG vs 72 G3 2020-08-22.15.25;Utopia Coliseum (Dusk);2020-08-22 15:25:54;win;NRG;72PC;1217;3;2;3;14;7;1;21.43;1259;146.95;7019;5170;1849;62;167;1377;786;591;10;53;131.08;104.85;844;1023;225;1488471;450.82;398.08;167.79;569.14;395.67;51.87;21.74;234;259.54;757.15;259.54;613.25;403.44;456.37;313.32;247;1;4
fc9ebfd4-c373-4f18-8cd5-5945bada0353;NRG vs 72 G3 2020-08-22.15.25;Utopia Coliseum (Dusk);2020-08-22 15:25:54;loss;72PC;NRG;1120;1;0;7;7;14;3;14.29;1115;149.64;6518;4729;1789;59;150;1158;472;686;7;52;121.83;122.28;755;1185;225;1469859;464.58;432.42;127.1;562.92;419.64;41.53;25.74;241;335.69;688.41;335.69;700.73;323.37;537.43;290.42;196.26;4;1
