replay id;replay title;map;date;result;team name;opposing team name;player name;car id;car name;score;goals;assists;saves;shots;shots conceded;goals conceded;goals conceded while last defender;shooting percentage;bpm;avg boost amount;amount collected;amount collected big pads;amount collected small pads;count collected big pads;count collected small pads;amount stolen;amount stolen big pads;amount stolen small pads;count stolen big pads;count stolen small pads;0 boost time;100 boost time;amount used while supersonic;amount overfill total;amount overfill stolen;avg speed;total distance;time slow speed;percentage slow speed;time boost speed;percentage boost speed;time supersonic speed;percentage supersonic speed;time on ground;percentage on ground;time low in air;percentage low in air;time high in air;percentage high in air;time powerslide;avg powerslide time;count powerslide;time most back;percentage most back;time most forward;percentage most forward;time in front of ball;percentage in front of ball;time behind ball;percentage behind ball;time in front of ball;percentage in front of ball;time defensive half;percentage defensive half;time offensive half;percentage offensive half;time defensive third;percentage defensive third;time neutral third;percentage neutral third;time offensive third;percentage offensive third;demos inflicted;demos taken
0852c335-8d92-4b50-ba3f-821deb7ae5e4;ALP vs NRG -1-2020-08-23.20.09;DFH Stadium;2020-08-23 20:09:49;loss;ALPINE ESPORTS;NRG;jordan;4284;Fennec;293;0;0;2;3;17;5;2;0;321;52.24;1863;1241;622;17;60;769;576;193;8;19;26.48;53.67;242;411;155;1497;495617;180.04;50.91;124.17;35.11;49.44;13.98;203.09;57.43;128.99;36.48;21.55;6.09;7.14;0.09;83;80.2;22.66;143.5;40.54;127.66;36.1;225.98;63.9;127.66;36.1;219.97;62.2;133.66;37.8;158.33;44.77;120.32;34.02;74.98;21.2;0;0
0852c335-8d92-4b50-ba3f-821deb7ae5e4;ALP vs NRG -1-2020-08-23.20.09;DFH Stadium;2020-08-23 20:09:49;loss;ALPINE ESPORTS;NRG;percy.;23;Octane;475;0;0;5;3;17;5;2;0;390;42.12;2024;1371;653;16;57;368;200;168;2;15;71.37;24.58;364;232;0;1556;511519;150.39;42.66;151.07;42.86;51.05;14.48;195.94;55.59;144.38;40.96;12.18;3.46;7.97;0.1;81;128.3;36.24;100.8;28.47;97.4;27.63;255.1;72.37;97.4;27.63;244.51;69.36;107.99;30.64;180.42;51.18;113.7;32.25;58.39;16.56;0;0
0852c335-8d92-4b50-ba3f-821deb7ae5e4;ALP vs NRG -1-2020-08-23.20.09;DFH Stadium;2020-08-23 20:09:49;loss;ALPINE ESPORTS;NRG;majicbear;23;Octane;384;0;0;3;3;17;5;1;0;379;52.44;2394;1574;820;18;77;373;153;220;2;21;51.87;42.45;274;276;56;1495;492470;169.05;48.21;141.58;40.37;40.05;11.42;208.13;59.35;123.96;35.35;18.58;5.3;7.04;0.11;66;126.8;35.82;88.5;25;85.16;24.28;265.51;75.72;85.16;24.28;247.73;70.65;102.93;29.35;195.43;55.73;100.39;28.63;54.85;15.64;0;1
0852c335-8d92-4b50-ba3f-821deb7ae5e4;ALP vs NRG -1-2020-08-23.20.09;DFH Stadium;2020-08-23 20:09:49;win;NRG;ALPINE ESPORTS;GarrettG;4284;Fennec;550;2;2;1;7;9;0;0;28.57;393;52.93;2385;1383;1002;18;85;441;197;244;3;23;15.78;28.91;405;474;110;1574;520762;159.82;45.18;136.55;38.6;57.37;16.22;214.91;60.76;125.32;35.43;13.5;3.82;8.42;0.13;65;95.7;27.03;95.2;26.89;76.7;21.68;277.04;78.32;76.7;21.68;237.47;67.13;116.27;32.87;163.18;46.13;126.47;35.75;64.09;18.12;0;0
0852c335-8d92-4b50-ba3f-821deb7ae5e4;ALP vs NRG -1-2020-08-23.20.09;DFH Stadium;2020-08-23 20:09:49;win;NRG;ALPINE ESPORTS;jstn.;23;Octane;748;3;0;3;4;9;0;0;75;405;53.18;2377;1898;479;24;42;790;660;130;8;11;22.77;65.8;84;515;140;1478;489846;179.44;50.73;131.09;37.06;43.21;12.22;176.55;49.91;140.24;39.64;36.95;10.45;7.54;0.08;98;105.1;29.69;135.1;38.16;81.2;22.95;272.54;77.05;81.2;22.95;210.47;59.5;143.26;40.5;164.18;46.41;98.28;27.78;91.28;25.8;1;0
0852c335-8d92-4b50-ba3f-821deb7ae5e4;ALP vs NRG -1-2020-08-23.20.09;DFH Stadium;2020-08-23 20:09:49;win;NRG;ALPINE ESPORTS;Squishy;23;Octane;534;0;2;4;6;9;0;0;0;422;54.74;2448;1782;666;22;50;579;343;236;4;13;34.93;48.02;334;433;57;1556;515535;153.77;43.48;143.84;40.67;56.06;15.85;202.85;57.36;125.08;35.37;25.74;7.28;9.16;0.09;106;132.2;37.34;102.2;28.87;73.28;20.72;280.39;79.28;73.28;20.72;239.96;67.85;113.71;32.15;184.26;52.1;104.26;29.48;65.15;18.42;0;0
a7d4557e-36cc-4aee-b7de-0e4f2be85b16;ALP vs NRG -2-2020-08-23.20.17;Urban Central (Dawn);2020-08-23 20:17:37;loss;ALPINE ESPORTS;NRG;majicbear;23;Octane;391;1;0;2;5;11;4;2;20;452;53.73;2698;1820;878;24;86;692;467;225;5;22;43.43;58.49;566;687;62;1602;529582;146.03;41.4;135.49;38.41;71.2;20.19;198.72;56.34;133.64;37.89;20.35;5.77;6.4;0.12;52;99.3;28.13;111.1;31.47;108.53;30.77;244.19;69.23;108.53;30.77;222.4;63.05;130.32;36.95;169.17;47.96;105.46;29.9;78.09;22.14;1;0
a7d4557e-36cc-4aee-b7de-0e4f2be85b16;ALP vs NRG -2-2020-08-23.20.17;Urban Central (Dawn);2020-08-23 20:17:37;loss;ALPINE ESPORTS;NRG;jordan;4284;Fennec;196;0;1;1;3;11;4;1;0;342;59.39;1933;1177;756;17;66;793;473;320;6;29;15.8;40.14;267;546;140;1459;479009;191.43;54.26;125.21;35.49;36.14;10.24;229.33;65.01;103.7;29.4;19.75;5.6;8.96;0.08;109;111.4;31.56;120.8;34.22;118.55;33.6;234.23;66.4;118.55;33.6;211.96;60.08;140.82;39.92;159.51;45.22;110.58;31.35;82.69;23.44;1;0
a7d4557e-36cc-4aee-b7de-0e4f2be85b16;ALP vs NRG -2-2020-08-23.20.17;Urban Central (Dawn);2020-08-23 20:17:37;loss;ALPINE ESPORTS;NRG;percy.;23;Octane;497;0;0;4;2;11;4;1;0;447;44.35;2655;1797;858;20;75;434;227;207;3;19;56.53;24.51;485;203;73;1650;543471;118.7;33.64;176.38;49.99;57.74;16.37;210.69;59.72;119.74;33.94;22.38;6.34;9.04;0.11;85;120.8;34.22;99.4;28.16;93.49;26.5;259.33;73.5;93.49;26.5;239.63;67.92;113.19;32.08;167.3;47.42;128.53;36.43;56.99;16.15;0;0
a7d4557e-36cc-4aee-b7de-0e4f2be85b16;ALP vs NRG -2-2020-08-23.20.17;Urban Central (Dawn);2020-08-23 20:17:37;win;NRG;ALPINE ESPORTS;GarrettG;4284;Fennec;517;3;0;1;4;10;1;1;75;395;49.09;2165;1443;722;19;68;537;321;216;4;20;22.03;49.74;450;527;90;1541;504011;161.05;46.06;131.04;37.47;57.59;16.47;205.7;58.83;120.39;34.43;23.58;6.74;8.27;0.14;59;92.1;26.09;137.1;38.84;91.89;26.28;257.79;73.72;91.89;26.28;234.8;67.15;114.88;32.85;153.07;43.77;136;38.89;60.61;17.33;0;1
a7d4557e-36cc-4aee-b7de-0e4f2be85b16;ALP vs NRG -2-2020-08-23.20.17;Urban Central (Dawn);2020-08-23 20:17:37;win;NRG;ALPINE ESPORTS;Squishy;23;Octane;277;0;1;1;3;10;1;0;0;400;52;2265;1753;512;21;46;116;0;116;0;11;27.92;40.98;330;360;9;1561;512430;149.84;42.84;138.3;39.54;61.64;17.62;201.78;57.69;132.02;37.74;15.98;4.57;7.56;0.08;95;133.1;37.71;101.6;28.78;90.5;25.87;259.29;74.13;90.5;25.87;243.72;69.68;106.06;30.32;189.11;54.07;103.5;29.59;57.17;16.34;0;1
a7d4557e-36cc-4aee-b7de-0e4f2be85b16;ALP vs NRG -2-2020-08-23.20.17;Urban Central (Dawn);2020-08-23 20:17:37;win;NRG;ALPINE ESPORTS;jstn.;23;Octane;650;1;2;3;4;10;1;0;25;413;44.68;2496;1829;667;21;56;349;195;154;2;13;48.3;51.08;324;275;6;1511;499424;161.87;45.88;148.33;42.04;42.64;12.08;180.37;51.12;147.39;41.77;25.08;7.11;7.27;0.08;88;108.8;30.82;95.6;27.08;78.83;22.34;274.02;77.66;78.83;22.34;246.29;69.8;106.56;30.2;183.12;51.9;121.42;34.41;48.3;13.69;0;0
005b8051-a4f9-46ad-8de0-09279ba6fad5;ALP vs NRG -3-2020-08-23.20.25;Utopia Coliseum (Dusk);2020-08-23 20:25:32;win;NRG;ALPINE ESPORTS;jstn.;23;Octane;533;2;1;2;3;9;2;1;66.67;416;46.51;2336;1726;610;21;50;260;140;120;2;11;29.69;51.51;282;388;59;1536;501344;165.22;47.23;126.64;36.2;57.95;16.57;192.7;55.09;135.79;38.82;21.32;6.09;7.58;0.09;83;111.2;31.5;108.6;30.76;71;20.3;278.81;79.7;71;20.3;252.64;72.22;97.17;27.78;200.26;57.25;95.22;27.22;54.33;15.53;0;1
005b8051-a4f9-46ad-8de0-09279ba6fad5;ALP vs NRG -3-2020-08-23.20.25;Utopia Coliseum (Dusk);2020-08-23 20:25:32;loss;ALPINE ESPORTS;NRG;jordan;403;Dominus;184;0;1;0;2;6;3;0;0;301;52.69;1819;1025;794;12;71;383;100;283;1;27;30.39;38.94;136;215;30;1347;443654;208.65;59.65;109.89;31.42;31.24;8.93;216.67;61.95;122.93;35.15;10.17;2.91;8.97;0.08;111;114.3;32.38;98.5;27.9;89.66;25.63;260.12;74.37;89.66;25.63;224.45;64.17;125.32;35.83;149.83;42.84;145;41.45;54.95;15.71;0;1
005b8051-a4f9-46ad-8de0-09279ba6fad5;ALP vs NRG -3-2020-08-23.20.25;Utopia Coliseum (Dusk);2020-08-23 20:25:32;loss;ALPINE ESPORTS;NRG;percy.;23;Octane;273;0;0;2;4;6;3;2;0;492;47.79;2812;2127;685;25;53;505;300;205;3;17;51.08;41.46;536;394;0;1605;530979;138.7;39.31;153.02;43.37;61.13;17.32;210.22;59.58;121.04;34.3;21.59;6.12;8.04;0.1;83;134.1;37.99;95.8;27.14;91.15;25.83;261.69;74.17;91.15;25.83;227.83;64.57;125.02;35.43;162.3;46;120.2;34.07;70.34;19.94;0;0
005b8051-a4f9-46ad-8de0-09279ba6fad5;ALP vs NRG -3-2020-08-23.20.25;Utopia Coliseum (Dusk);2020-08-23 20:25:32;win;NRG;ALPINE ESPORTS;GarrettG;4284;Fennec;406;1;1;2;2;9;2;1;50;406;45.14;2272;1534;738;19;67;362;200;162;2;15;35.36;26.11;303;383;0;1684;555949;125.49;35.57;151.72;43;75.61;21.43;195.63;55.45;140.29;39.76;16.9;4.79;8.31;0.13;66;78.5;22.24;134.8;38.19;89.67;25.42;263.15;74.58;89.67;25.42;237;67.17;115.81;32.83;169.88;48.15;122.53;34.73;60.41;17.12;0;0
005b8051-a4f9-46ad-8de0-09279ba6fad5;ALP vs NRG -3-2020-08-23.20.25;Utopia Coliseum (Dusk);2020-08-23 20:25:32;win;NRG;ALPINE ESPORTS;Squishy;23;Octane;136;0;0;1;1;9;2;0;0;417;55.74;2403;1637;766;23;63;157;100;57;1;6;22.74;45.45;227;686;9;1537;507844;162.93;46.18;135.92;38.53;53.93;15.29;215.65;61.13;122.62;34.76;14.51;4.11;9.24;0.08;123;142.7;40.42;88.1;24.96;75.51;21.4;277.27;78.6;75.51;21.4;266.3;75.49;86.48;24.51;196.18;55.61;119.34;33.83;37.25;10.56;1;0
005b8051-a4f9-46ad-8de0-09279ba6fad5;ALP vs NRG -3-2020-08-23.20.25;Utopia Coliseum (Dusk);2020-08-23 20:25:32;loss;ALPINE ESPORTS;NRG;majicbear;23;Octane;344;2;0;0;3;6;3;1;66.67;461;54.84;2657;1792;865;21;84;634;347;287;4;26;42.1;36.53;607;417;61;1683;556158;120.61;34.18;164.26;46.55;67.98;19.27;199.27;56.48;127.85;36.23;25.72;7.29;5.28;0.09;57;90.5;25.64;137.4;38.92;121.06;34.31;231.79;65.69;121.06;34.31;210.12;59.55;142.73;40.45;147.5;41.8;118.97;33.72;86.37;24.48;1;0
19e98e05-f388-41db-806a-d5ab69ec23a2;NV vs PK -1-2020-08-23.20.48;DFH Stadium;2020-08-23 20:48:14;win;TEAM ENVY;KNIGHTS;Atomic;23;Octane;628;1;2;3;0;8;1;0;0;407;48.23;2585;1938;647;24;58;519;355;164;4;15;46.98;36.27;301;486;52;1442;474898;183.49;52.24;130.03;37.02;37.7;10.73;179.71;51.17;146.39;41.68;25.13;7.15;6.3;0.12;53;101.3;28.62;108.7;30.71;70.02;19.94;281.2;80.06;70.02;19.94;248.54;70.76;102.68;29.24;192.34;54.76;100.01;28.47;58.88;16.76;3;1
19e98e05-f388-41db-806a-d5ab69ec23a2;NV vs PK -1-2020-08-23.20.48;DFH Stadium;2020-08-23 20:48:14;win;TEAM ENVY;KNIGHTS;mist;23;Octane;889;3;2;3;3;8;1;1;100;411;54.02;2367;1690;677;21;46;542;406;136;5;12;21.56;48.16;218;432;97;1466;486801;181.89;51.34;124.59;35.17;47.82;13.5;212.74;60.05;119.22;33.65;22.33;6.3;12.14;0.16;78;144.9;40.93;89.9;25.4;60.02;16.94;294.28;83.06;60.02;16.94;266.95;75.35;87.35;24.65;200.27;56.53;108.52;30.63;45.51;12.85;0;0
19e98e05-f388-41db-806a-d5ab69ec23a2;NV vs PK -1-2020-08-23.20.48;DFH Stadium;2020-08-23 20:48:14;win;TEAM ENVY;KNIGHTS;Turbopolsa;4284;Fennec;330;1;0;1;4;8;1;0;25;340;46.03;1971;1118;853;13;76;416;243;173;3;15;37.53;38.7;108;148;0;1432;457370;188.46;55.07;122.82;35.89;30.91;9.03;198.05;57.88;119.95;35.05;24.18;7.07;5.85;0.13;45;92.7;26.19;131.3;37.09;92.41;27.01;249.77;72.99;92.41;27.01;238.33;69.65;103.86;30.35;177.66;51.92;101.02;29.52;63.51;18.56;1;4
19e98e05-f388-41db-806a-d5ab69ec23a2;NV vs PK -1-2020-08-23.20.48;DFH Stadium;2020-08-23 20:48:14;loss;KNIGHTS;TEAM ENVY;.ZPS;4284;Fennec;290;1;0;1;3;7;5;2;33.33;367;45.51;2171;1230;941;14;85;455;200;255;2;23;29.62;31.43;267;193;7;1641;543720;140.67;39.71;144.85;40.89;68.71;19.4;203.32;57.4;131.19;37.04;19.72;5.57;8.41;0.09;94;87;24.58;113.6;32.09;99.59;28.11;254.64;71.89;99.59;28.11;212.39;59.96;141.84;40.04;150.74;42.56;134.52;37.98;68.96;19.47;1;0
19e98e05-f388-41db-806a-d5ab69ec23a2;NV vs PK -1-2020-08-23.20.48;DFH Stadium;2020-08-23 20:48:14;loss;KNIGHTS;TEAM ENVY;radoko.;23;Octane;236;0;1;0;3;7;5;1;0;447;52.88;2503;1824;679;22;64;633;400;233;4;21;22.68;52.33;256;420;0;1497;485568;176.49;50.88;114.87;33.11;55.53;16.01;199.21;57.43;131.6;37.94;16.08;4.64;6.42;0.09;74;108.1;30.54;121.7;34.38;98.17;28.3;248.72;71.7;98.17;28.3;221.74;63.92;125.15;36.08;165.26;47.64;106.39;30.67;75.24;21.69;0;2
19e98e05-f388-41db-806a-d5ab69ec23a2;NV vs PK -1-2020-08-23.20.48;DFH Stadium;2020-08-23 20:48:14;loss;KNIGHTS;TEAM ENVY;kinseh;23;Octane;208;0;0;1;2;7;5;2;0;309;53.12;1921;1160;761;17;70;355;196;159;3;15;32.41;60.51;324;556;103;1464;477813;190.72;54.4;113.26;32.3;46.62;13.3;212.05;60.48;119.73;34.15;18.81;5.37;4.44;0.12;37;140.7;39.75;97.6;27.57;85.19;24.3;265.4;75.7;85.19;24.3;252.7;72.08;97.9;27.92;179.27;51.14;119.86;34.19;51.45;14.68;4;2
30b39723-6665-4227-b8bb-dbfd8953ff41;NV vs PK -2-2020-08-23.20.55;Urban Central (Dawn);2020-08-23 20:55:42;loss;KNIGHTS;TEAM ENVY;kinseh;23;Octane;332;0;1;2;3;8;2;1;0;331;49.81;2050;1429;621;16;55;360;287;73;3;7;30.09;43.54;299;175;12;1354;452760;205.75;58.85;105.96;30.31;37.88;10.84;217.25;62.14;115;32.89;17.35;4.96;4.61;0.1;44;142.3;40.43;93.8;26.65;65;18.59;284.59;81.41;65;18.59;245.66;70.27;103.94;29.73;186.4;53.32;114.17;32.66;49.03;14.02;0;1
30b39723-6665-4227-b8bb-dbfd8953ff41;NV vs PK -2-2020-08-23.20.55;Urban Central (Dawn);2020-08-23 20:55:42;win;TEAM ENVY;KNIGHTS;mist;23;Octane;423;1;0;2;4;9;1;0;25;445;55.39;2533;2003;530;28;48;616;490;126;6;12;36.81;53.97;274;832;120;1602;540191;146.47;41.54;139.37;39.53;66.75;18.93;189.21;53.66;144.67;41.03;18.72;5.31;8.51;0.14;61;119;33.81;99.6;28.3;75.65;21.45;276.95;78.55;75.65;21.45;238.27;67.58;114.33;32.42;183.5;52.04;102.01;28.93;67.09;19.03;1;0
30b39723-6665-4227-b8bb-dbfd8953ff41;NV vs PK -2-2020-08-23.20.55;Urban Central (Dawn);2020-08-23 20:55:42;win;TEAM ENVY;KNIGHTS;Atomic;23;Octane;453;1;0;2;3;9;1;0;33.33;388;51.58;2351;1694;657;20;57;492;320;172;4;15;40.53;46.29;205;325;79;1499;505538;179.04;50.77;132.15;37.48;41.44;11.75;179.93;51.03;135.97;38.56;36.73;10.42;7.12;0.13;53;94;26.7;129;36.65;104.18;29.54;248.45;70.46;104.18;29.54;217.87;61.78;134.76;38.22;153.1;43.42;134.27;38.08;65.26;18.51;1;0
30b39723-6665-4227-b8bb-dbfd8953ff41;NV vs PK -2-2020-08-23.20.55;Urban Central (Dawn);2020-08-23 20:55:42;loss;KNIGHTS;TEAM ENVY;.ZPS;23;Octane;350;1;0;2;4;8;2;0;25;396;46.96;2264;1281;983;16;87;742;458;284;5;25;44.07;39.57;243;347;47;1560;524832;151.99;43.11;144.89;41.09;55.72;15.8;192.18;54.5;132.4;37.55;28.02;7.95;8.77;0.1;90;87.5;24.86;121;34.38;107.14;30.39;245.45;69.61;107.14;30.39;217.26;61.62;135.34;38.38;158.84;45.05;123.03;34.89;70.72;20.06;0;0
30b39723-6665-4227-b8bb-dbfd8953ff41;NV vs PK -2-2020-08-23.20.55;Urban Central (Dawn);2020-08-23 20:55:42;loss;KNIGHTS;TEAM ENVY;radoko.;23;Octane;252;0;0;2;2;8;2;1;0;403;52.31;2227;1709;518;20;50;301;147;154;2;15;16.24;67.96;340;338;55;1511;499191;164.36;47.44;130.94;37.79;51.19;14.77;196.68;56.76;135.6;39.14;14.21;4.1;7.01;0.11;66;114.6;32.56;120.5;34.23;103.56;29.89;242.93;70.11;103.56;29.89;222.8;64.3;123.68;35.7;170.88;49.32;95.76;27.64;79.85;23.05;0;2
30b39723-6665-4227-b8bb-dbfd8953ff41;NV vs PK -2-2020-08-23.20.55;Urban Central (Dawn);2020-08-23 20:55:42;win;TEAM ENVY;KNIGHTS;Turbopolsa;4284;Fennec;244;0;1;1;1;9;1;1;0;328;54.15;1871;1135;736;15;65;661;416;245;5;21;29.51;43.11;129;394;89;1412;476939;198.24;56.22;125.51;35.6;28.84;8.18;227.67;64.57;108.25;30.7;16.68;4.73;8.13;0.13;64;122.1;34.69;106.8;30.34;94.85;26.9;257.74;73.1;94.85;26.9;227.32;64.47;125.28;35.53;166.74;47.29;108.85;30.87;77.01;21.84;1;0
c43f3c13-9e13-4bf8-8210-9cffa4c7e411;NV vs PK -3-2020-08-23.21.03;Utopia Coliseum (Dusk);2020-08-23 21:03:07;loss;TEAM ENVY;KNIGHTS;Atomic;23;Octane;267;0;0;2;1;16;4;0;0;358;46.36;2013;1352;661;15;58;309;200;109;2;10;46.87;28.02;210;105;11;1500;483362;171.42;50.25;133.39;39.1;36.31;10.64;193.69;56.78;125.11;36.68;22.31;6.54;6.31;0.12;53;105;30.52;106.2;30.87;119.87;35.14;221.26;64.86;119.87;35.14;249.06;73.01;92.07;26.99;182.49;53.5;112.39;32.95;46.24;13.56;0;1
c43f3c13-9e13-4bf8-8210-9cffa4c7e411;NV vs PK -3-2020-08-23.21.03;Utopia Coliseum (Dusk);2020-08-23 21:03:07;loss;TEAM ENVY;KNIGHTS;Turbopolsa;4284;Fennec;402;0;0;3;4;16;4;0;0;384;50.4;2237;1476;761;18;65;304;113;191;2;16;14.07;40.33;180;329;86;1456;463522;187;55.8;102.28;30.52;45.84;13.68;196.38;58.6;124.73;37.22;14.01;4.18;7.04;0.13;56;107.6;31.28;134.2;39.01;121.94;36.39;213.18;63.61;121.94;36.39;239.53;71.48;95.59;28.52;179.57;53.58;100.28;29.92;55.28;16.5;4;3
c43f3c13-9e13-4bf8-8210-9cffa4c7e411;NV vs PK -3-2020-08-23.21.03;Utopia Coliseum (Dusk);2020-08-23 21:03:07;loss;TEAM ENVY;KNIGHTS;mist;23;Octane;445;0;0;5;0;16;4;4;0;417;50;2317;1798;519;21;48;455;364;91;4;9;25.87;34.02;436;327;46;1533;497832;165.72;48.15;128.54;37.35;49.93;14.51;193.1;56.1;136.23;39.58;14.86;4.32;9.97;0.12;80;125.7;36.54;86.3;25.09;94.71;27.52;249.48;72.48;94.71;27.52;273.84;79.56;70.35;20.44;201.7;58.6;108.24;31.45;34.25;9.95;0;0
c43f3c13-9e13-4bf8-8210-9cffa4c7e411;NV vs PK -3-2020-08-23.21.03;Utopia Coliseum (Dusk);2020-08-23 21:03:07;win;KNIGHTS;TEAM ENVY;.ZPS;23;Octane;534;2;2;0;6;5;0;0;33.33;422;51.86;2345;1634;711;20;63;601;355;246;4;22;18.14;23.56;349;374;44;1566;504791;155.99;45.7;130.2;38.15;55.13;16.15;201.29;58.97;126.83;37.16;13.21;3.87;11.01;0.12;94;86.4;25.12;103.1;29.97;62.88;18.42;278.44;81.58;62.88;18.42;200.6;58.77;140.73;41.23;137.02;40.14;121.59;35.62;82.71;24.23;1;1
c43f3c13-9e13-4bf8-8210-9cffa4c7e411;NV vs PK -3-2020-08-23.21.03;Utopia Coliseum (Dusk);2020-08-23 21:03:07;win;KNIGHTS;TEAM ENVY;radoko.;23;Octane;405;2;0;1;5;5;0;0;40;422;57.69;2409;1891;518;24;48;714;520;194;6;16;32.69;51.9;235;558;79;1538;495393;153.55;45.01;142.86;41.88;44.74;13.11;194.46;57;129.06;37.83;17.64;5.17;9.21;0.12;74;116.3;33.81;112.7;32.76;71.66;21;269.5;79;71.66;21;198.06;58.05;143.1;41.95;136.09;39.89;125.21;36.7;79.86;23.41;1;1
c43f3c13-9e13-4bf8-8210-9cffa4c7e411;NV vs PK -3-2020-08-23.21.03;Utopia Coliseum (Dusk);2020-08-23 21:03:07;win;KNIGHTS;TEAM ENVY;kinseh;23;Octane;230;0;1;1;5;5;0;0;0;346;54.52;2087;1521;566;22;50;338;197;141;3;12;34.09;71.85;381;701;105;1531;487526;168.76;49.92;115.42;34.14;53.88;15.94;207.49;61.38;114.99;34.01;15.58;4.61;4.64;0.11;44;132.8;38.6;110.5;32.12;72.75;21.52;265.31;78.48;72.75;21.52;221.57;65.54;116.49;34.46;141.41;41.83;149.58;44.25;47.07;13.92;2;2
b34ed86c-9133-4c69-abea-1627dfdfbd81;NV vs PK -4-2020-08-23.21.11;Mannfield (Night);2020-08-23 21:11:12;loss;TEAM ENVY;KNIGHTS;Atomic;23;Octane;234;0;2;0;1;6;3;1;0;402;53.56;2368;1708;660;19;59;320;153;167;2;14;72.51;22.81;338;216;46;1615;531062;143.54;40.86;152.17;43.31;55.61;15.83;193.69;55.13;133.55;38.01;24.09;6.86;7.11;0.12;57;108.4;30.88;92.4;26.32;89.67;25.52;261.65;74.48;89.67;25.52;189.24;53.86;162.09;46.14;125.98;35.86;137.85;39.24;87.49;24.9;0;0
b34ed86c-9133-4c69-abea-1627dfdfbd81;NV vs PK -4-2020-08-23.21.11;Mannfield (Night);2020-08-23 21:11:12;loss;TEAM ENVY;KNIGHTS;mist;23;Octane;492;2;0;1;12;6;3;2;16.67;473;55.4;2478;1805;673;23;55;691;409;282;6;22;26.23;39;462;542;219;1642;530321;134.97;39.05;143.32;41.47;67.33;19.48;193.71;56.05;136.18;39.4;15.72;4.55;8.91;0.13;70;110;31.34;132.2;37.66;77.06;22.3;268.55;77.7;77.06;22.3;185.79;53.76;159.82;46.24;125.05;36.18;124.16;35.92;96.4;27.89;1;1
b34ed86c-9133-4c69-abea-1627dfdfbd81;NV vs PK -4-2020-08-23.21.11;Mannfield (Night);2020-08-23 21:11:12;loss;TEAM ENVY;KNIGHTS;Turbopolsa;4284;Fennec;146;0;0;0;3;6;3;0;0;384;55.74;2312;1743;569;23;50;495;235;260;3;22;31.01;42.79;257;487;69;1558;508872;154.12;44.29;141.24;40.59;52.6;15.12;204.79;58.85;123.55;35.51;19.62;5.64;7.81;0.11;71;117.8;33.56;105.5;30.06;100.53;28.89;247.42;71.11;100.53;28.89;196.18;56.38;151.78;43.62;132.36;38.04;115.57;33.21;100.03;28.75;1;2
b34ed86c-9133-4c69-abea-1627dfdfbd81;NV vs PK -4-2020-08-23.21.11;Mannfield (Night);2020-08-23 21:11:12;win;KNIGHTS;TEAM ENVY;.ZPS;23;Octane;240;0;1;2;2;16;2;0;0;357;51.44;2148;1485;663;18;62;292;100;192;1;18;36.85;30.68;296;345;0;1542;508239;161.01;45.82;136.47;38.84;53.88;15.33;204.07;58.08;131.51;37.43;15.78;4.49;10.77;0.1;103;67.7;19.29;133.6;38.06;120.3;34.24;231.06;65.76;120.3;34.24;257.77;73.36;93.59;26.64;197.11;56.1;109.06;31.04;45.18;12.86;1;0
b34ed86c-9133-4c69-abea-1627dfdfbd81;NV vs PK -4-2020-08-23.21.11;Mannfield (Night);2020-08-23 21:11:12;win;KNIGHTS;TEAM ENVY;radoko.;23;Octane;439;1;0;3;2;16;2;1;50;366;42.09;2045;1481;564;17;53;161;91;70;1;7;35.69;40.83;262;241;8;1451;477230;190.1;54.16;115.89;33.02;45.03;12.83;204.54;58.27;126.14;35.93;20.35;5.8;8.61;0.1;88;124.5;35.47;109.9;31.31;88.55;25.23;262.47;74.77;88.55;25.23;283.69;80.82;67.34;19.18;228.86;65.2;94.23;26.84;27.94;7.96;2;1
b34ed86c-9133-4c69-abea-1627dfdfbd81;NV vs PK -4-2020-08-23.21.11;Mannfield (Night);2020-08-23 21:11:12;win;KNIGHTS;TEAM ENVY;kinseh;23;Octane;679;2;0;4;2;16;2;1;100;350;43.2;1936;1336;600;15;54;166;83;83;1;7;26.03;53.77;174;193;17;1383;450231;213.66;61.33;96.77;27.78;37.95;10.89;203.04;58.28;124.5;35.74;20.84;5.98;4.48;0.11;41;140.9;40.14;86.4;24.62;53.95;15.49;294.43;84.51;53.95;15.49;293.55;84.26;54.83;15.74;236.29;67.83;84.68;24.31;27.41;7.87;0;1
d5fd4843-b8bd-4aae-b6f2-40fdadd50644;NV vs PK -5-2020-08-23.21.19;Champions Field;2020-08-23 21:19:07;win;TEAM ENVY;KNIGHTS;Atomic;23;Octane;369;0;3;2;1;4;0;0;0;387;53.44;2279;1548;731;18;62;265;140;125;2;13;45.27;36.9;238;302;69;1468;473028;170.86;50.06;130.4;38.2;40.07;11.74;180.43;52.86;129.3;37.88;31.59;9.26;8.81;0.14;64;109.1;31.44;94.1;27.12;67.31;19.72;274.01;80.28;67.31;19.72;241.23;70.68;100.09;29.32;183.54;53.77;98.7;28.92;59.08;17.31;2;2
d5fd4843-b8bd-4aae-b6f2-40fdadd50644;NV vs PK -5-2020-08-23.21.19;Champions Field;2020-08-23 21:19:07;win;TEAM ENVY;KNIGHTS;Turbopolsa;4284;Fennec;779;4;0;2;7;4;0;0;57.14;427;58.86;2409;1804;605;24;56;752;545;207;6;19;22.82;49.86;186;644;58;1505;485963;161.04;46.78;145.93;42.39;37.29;10.83;207.74;60.35;116.91;33.96;19.6;5.69;6.67;0.13;52;100.3;28.9;129.4;37.29;85.48;24.83;258.78;75.17;85.48;24.83;199.15;57.85;145.1;42.15;150.74;43.79;100.22;29.11;93.29;27.1;3;1
d5fd4843-b8bd-4aae-b6f2-40fdadd50644;NV vs PK -5-2020-08-23.21.19;Champions Field;2020-08-23 21:19:07;win;TEAM ENVY;KNIGHTS;mist;23;Octane;172;0;1;0;2;4;0;0;0;435;51.19;2420;1743;677;25;59;529;357;172;5;17;31.18;62.3;388;708;158;1554;501557;147.72;43.29;142.07;41.64;51.42;15.07;203.72;59.7;126.16;36.97;11.34;3.32;7.44;0.15;51;130;37.46;106;30.55;61.38;17.99;279.84;82.01;61.38;17.99;232.44;68.12;108.78;31.88;163.94;48.05;116.55;34.16;60.73;17.8;0;2
d5fd4843-b8bd-4aae-b6f2-40fdadd50644;NV vs PK -5-2020-08-23.21.19;Champions Field;2020-08-23 21:19:07;loss;KNIGHTS;TEAM ENVY;.ZPS;23;Octane;306;0;0;3;1;10;4;1;0;376;42.51;2015;1214;801;13;63;604;294;310;3;21;44.98;21.95;207;94;14;1430;458639;184.02;53.93;112.22;32.89;44.98;13.18;196.51;57.59;130.86;38.35;13.84;4.06;10.34;0.11;93;98.4;28.36;96.6;27.84;91.28;26.75;249.94;73.25;91.28;26.75;233.57;68.45;107.65;31.55;169.29;49.61;118.46;34.72;53.47;15.67;0;2
d5fd4843-b8bd-4aae-b6f2-40fdadd50644;NV vs PK -5-2020-08-23.21.19;Champions Field;2020-08-23 21:19:07;loss;KNIGHTS;TEAM ENVY;kinseh;23;Octane;231;0;0;2;0;10;4;2;0;378;52.12;2065;1365;700;16;65;384;260;124;3;11;35.16;47.31;253;290;40;1497;483662;171.23;50.18;112.58;32.99;57.44;16.83;212.21;62.19;115.7;33.9;13.34;3.91;4.27;0.1;41;128.8;37.12;105.5;30.4;102.22;29.95;239.03;70.05;102.22;29.95;246.22;72.15;95.04;27.85;180.29;52.83;115.96;33.98;45;13.19;4;2
d5fd4843-b8bd-4aae-b6f2-40fdadd50644;NV vs PK -5-2020-08-23.21.19;Champions Field;2020-08-23 21:19:07;loss;KNIGHTS;TEAM ENVY;radoko.;23;Octane;162;0;0;1;3;10;4;1;0;407;54.16;2357;1728;629;22;52;218;69;149;1;13;38.48;26.86;460;498;30;1520;493397;158.89;46.16;125.03;36.33;60.27;17.51;199.25;57.89;126.08;36.63;18.85;5.48;5.81;0.11;55;111.2;32.05;130.4;37.58;113.34;32.93;230.85;67.07;113.34;32.93;227.11;65.98;117.08;34.02;183.51;53.32;86.3;25.07;74.37;21.61;1;1
b8972e51-a920-47db-96d8-e466eccfdecf;PPS vs G2 -1-2020-08-23.21.41;DFH Stadium;2020-08-23 21:41:27;loss;THE PEEPS;G2 ESPORTS;AYYJAYY;23;Octane;548;2;0;1;4;11;3;2;50;386;47.46;2762;1820;942;22;75;489;300;189;3;17;49.64;40.75;172;415;0;1480;628769;211.04;47.16;187.53;41.91;48.92;10.93;256.38;57.29;162.26;36.26;28.86;6.45;12.61;0.11;114;158.1;35.06;135.5;30.04;135.88;30.36;311.62;69.64;135.88;30.36;328.25;73.35;119.25;26.65;255.35;57.06;124.49;27.82;67.67;15.12;0;1
b8972e51-a920-47db-96d8-e466eccfdecf;PPS vs G2 -1-2020-08-23.21.41;DFH Stadium;2020-08-23 21:41:27;loss;THE PEEPS;G2 ESPORTS;Allushin;23;Octane;449;0;0;4;0;11;3;1;0;424;49.55;3137;2138;999;27;84;557;358;199;5;18;62.83;35.12;615;523;60;1523;643202;205.98;46.33;175.93;39.57;62.72;14.11;279.2;62.79;140.43;31.58;25;5.62;9;0.08;109;133.4;29.58;141.8;31.44;148.32;33.36;296.31;66.64;148.32;33.36;303.77;68.32;140.86;31.68;221.5;49.82;148.09;33.31;75.04;16.88;1;2
b8972e51-a920-47db-96d8-e466eccfdecf;PPS vs G2 -1-2020-08-23.21.41;DFH Stadium;2020-08-23 21:41:27;win;G2 ESPORTS;THE PEEPS;JKnaps;23;Octane;302;0;1;0;3;4;2;1;0;430;47.59;3373;2476;897;30;79;656;384;272;4;24;61.16;40.8;312;343;30;1567;670480;196.7;43.65;188.44;41.82;65.49;14.53;244.98;54.36;176.14;39.09;29.51;6.55;16.18;0.11;142;166.5;36.92;134;29.71;106.74;23.69;343.9;76.31;106.74;23.69;278.35;61.77;172.29;38.23;200.71;44.54;142.53;31.63;107.39;23.83;0;0
b8972e51-a920-47db-96d8-e466eccfdecf;PPS vs G2 -1-2020-08-23.21.41;DFH Stadium;2020-08-23 21:41:27;win;G2 ESPORTS;THE PEEPS;Chicago;403;Dominus;336;0;2;1;3;4;2;1;0;440;41.69;3163;2136;1027;23;91;836;525;311;6;26;94;46;429;193;76;1568;661192;184.93;41.64;197.47;44.46;61.73;13.9;256.78;57.82;164.91;37.13;22.45;5.05;12.48;0.09;132;134.2;29.76;129.9;28.8;108.55;24.44;335.59;75.56;108.55;24.44;262.35;59.07;181.78;40.93;186.16;41.91;141.07;31.76;116.91;26.32;1;2
b8972e51-a920-47db-96d8-e466eccfdecf;PPS vs G2 -1-2020-08-23.21.41;DFH Stadium;2020-08-23 21:41:27;win;G2 ESPORTS;THE PEEPS;Rizzo;4284;Fennec;708;3;0;1;5;4;2;0;60;436;51.62;3271;2272;999;29;91;1212;812;400;10;37;52.98;44.93;769;621;143;1622;694093;180.04;39.95;183.21;40.65;87.42;19.4;264.53;58.7;163.64;36.31;22.5;4.99;11.14;0.12;92;129.2;28.65;162.7;36.08;128.53;28.52;322.14;71.48;128.53;28.52;243.58;54.05;207.09;45.95;180.76;40.11;133.69;29.66;136.22;30.23;6;0
b8972e51-a920-47db-96d8-e466eccfdecf;PPS vs G2 -1-2020-08-23.21.41;DFH Stadium;2020-08-23 21:41:27;loss;THE PEEPS;G2 ESPORTS;Gyro.;23;Octane;345;0;2;1;0;11;3;0;0;452;45.86;3134;2397;737;26;65;750;576;174;6;16;64.11;32.43;561;211;23;1569;653320;183.9;41.91;192.72;43.92;62.14;14.16;246.93;56.28;157.32;35.86;34.51;7.87;9.55;0.1;92;143.9;31.91;155.1;34.39;125.95;28.71;312.8;71.29;125.95;28.71;306.69;69.9;132.06;30.1;242.11;55.18;110.66;25.22;85.99;19.6;1;4
500759cb-1a8e-4333-8244-ea94a2d5c77a;PPS vs G2 -2-2020-08-23.21.49;Urban Central (Dawn);2020-08-23 21:49:14;loss;THE PEEPS;G2 ESPORTS;AYYJAYY;23;Octane;398;0;0;3;1;11;1;0;0;411;48.5;2113;1361;752;17;57;175;0;175;0;17;37.31;25.11;272;352;0;1467;459058;150;46.66;141.11;43.9;30.34;9.44;182.27;56.7;117.12;36.43;22.06;6.86;9.34;0.12;79;131;40.43;87.9;27.13;76.83;23.9;244.62;76.1;76.83;23.9;218.65;68.02;102.8;31.98;156.62;48.72;116.8;36.34;48.03;14.94;0;1
500759cb-1a8e-4333-8244-ea94a2d5c77a;PPS vs G2 -2-2020-08-23.21.49;Urban Central (Dawn);2020-08-23 21:49:14;loss;THE PEEPS;G2 ESPORTS;Allushin;23;Octane;382;0;0;3;3;11;1;1;0;480;50.29;2546;1991;555;24;53;890;668;222;7;20;72.03;38.19;364;419;31;1556;493146;131.25;40.45;142.27;43.85;50.96;15.71;183.6;56.58;117.17;36.11;23.71;7.31;8.37;0.1;82;89.4;27.59;117.8;36.36;110.22;33.97;214.26;66.03;110.22;33.97;203.33;62.66;121.16;37.34;155.68;47.98;89.58;27.61;79.23;24.42;2;0
500759cb-1a8e-4333-8244-ea94a2d5c77a;PPS vs G2 -2-2020-08-23.21.49;Urban Central (Dawn);2020-08-23 21:49:14;loss;THE PEEPS;G2 ESPORTS;Gyro.;23;Octane;261;0;0;2;1;11;1;0;0;418;39.39;2124;1442;682;16;57;412;280;132;3;11;44.93;30.76;500;157;19;1473;459183;158.77;49.86;116.13;36.47;43.56;13.68;177.51;55.74;125.25;39.33;15.7;4.93;7.47;0.1;72;96.8;29.88;114.4;35.31;98.93;31.07;219.52;68.93;98.93;31.07;204.48;64.21;113.97;35.79;154.82;48.62;110.5;34.7;53.13;16.68;3;2
500759cb-1a8e-4333-8244-ea94a2d5c77a;PPS vs G2 -2-2020-08-23.21.49;Urban Central (Dawn);2020-08-23 21:49:14;win;G2 ESPORTS;THE PEEPS;Chicago;403;Dominus;439;1;0;2;5;5;0;0;20;475;48.1;2481;1888;593;21;52;862;606;256;7;22;61.26;30.52;443;237;101;1674;520888;101.3;31.8;155.17;48.71;62.08;19.49;174.49;54.78;120.48;37.82;23.58;7.4;7.84;0.1;81;110.5;34.1;118.4;36.54;89.84;28.2;228.71;71.8;89.84;28.2;176.15;55.3;142.4;44.7;123.69;38.83;106.04;33.29;88.83;27.88;1;2
500759cb-1a8e-4333-8244-ea94a2d5c77a;PPS vs G2 -2-2020-08-23.21.49;Urban Central (Dawn);2020-08-23 21:49:14;win;G2 ESPORTS;THE PEEPS;Rizzo;4284;Fennec;164;0;0;0;3;5;0;0;0;393;54.4;2061;1156;905;13;85;498;161;337;2;32;12.88;50.03;296;233;74;1493;465232;153.62;48.22;125.18;39.3;39.75;12.48;212.47;66.7;88.49;27.78;17.58;5.52;11.66;0.12;99;113.6;35.06;100.9;31.14;76.2;23.92;242.35;76.08;76.2;23.92;187.07;58.73;131.48;41.27;139.67;43.85;105.93;33.25;72.95;22.9;1;2
500759cb-1a8e-4333-8244-ea94a2d5c77a;PPS vs G2 -2-2020-08-23.21.49;Urban Central (Dawn);2020-08-23 21:49:14;win;G2 ESPORTS;THE PEEPS;JKnaps;23;Octane;258;0;1;0;3;5;0;0;0;443;48.96;2347;1665;682;19;62;571;367;204;4;18;46.87;46.77;244;256;43;1618;507296;116.37;36.21;153.72;47.84;51.26;15.95;182.54;56.8;122.89;38.24;15.92;4.95;8.4;0.1;85;107.9;33.3;98;30.25;92.04;28.64;229.31;71.36;92.04;28.64;207.07;64.44;114.28;35.56;140.37;43.68;114.97;35.78;66.02;20.54;1;1
691085be-1ff4-499f-b759-bf36d7d1b224;PPS vs G2 -3-2020-08-23.21.58;Utopia Coliseum (Dusk);2020-08-23 21:58:39;win;THE PEEPS;G2 ESPORTS;AYYJAYY;23;Octane;535;2;1;1;4;9;4;0;50;436;41.7;2852;2208;644;25;55;386;258;128;3;12;64.79;32.5;360;291;41;1538;551795;181.63;45.92;162.16;41;51.76;13.09;209.71;53.02;156.87;39.66;28.97;7.32;9.07;0.1;87;129;32.58;124.1;31.34;87.55;22.13;308;77.87;87.55;22.13;272.42;68.87;123.13;31.13;196.9;49.78;133.24;33.68;65.41;16.54;1;0
691085be-1ff4-499f-b759-bf36d7d1b224;PPS vs G2 -3-2020-08-23.21.58;Utopia Coliseum (Dusk);2020-08-23 21:58:39;win;THE PEEPS;G2 ESPORTS;Allushin;4284;Fennec;590;2;1;2;4;9;4;2;50;413;45.23;2511;1660;851;20;70;574;300;274;3;25;68.61;13.74;375;330;0;1528;546811;185.37;46.86;168.44;42.58;41.74;10.55;227.41;57.49;133.38;33.72;34.76;8.79;8.69;0.08;104;126.5;31.94;137.3;34.67;118.06;29.85;277.49;70.15;118.06;29.85;245.61;62.09;149.94;37.91;190.8;48.24;121.94;30.83;82.81;20.94;1;0
691085be-1ff4-499f-b759-bf36d7d1b224;PPS vs G2 -3-2020-08-23.21.58;Utopia Coliseum (Dusk);2020-08-23 21:58:39;win;THE PEEPS;G2 ESPORTS;Gyro.;23;Octane;628;1;3;3;2;9;4;2;50;438;43.47;2895;2107;788;24;70;522;407;115;5;10;30.78;23.18;634;296;92;1646;581025;151.96;39.02;165.75;42.56;71.77;18.43;229.6;58.95;146.61;37.64;13.27;3.41;5.78;0.08;69;110.6;27.93;98.5;24.87;100.52;25.81;288.96;74.19;100.52;25.81;270.23;69.4;119.15;30.6;199.62;51.25;118.68;30.47;71.18;18.28;1;2
691085be-1ff4-499f-b759-bf36d7d1b224;PPS vs G2 -3-2020-08-23.21.58;Utopia Coliseum (Dusk);2020-08-23 21:58:39;loss;G2 ESPORTS;THE PEEPS;Chicago;403;Dominus;484;1;1;3;3;10;5;1;33.33;421;36.81;2858;1876;982;21;78;870;492;378;6;26;82.06;30.13;306;232;109;1666;596599;153.47;38.79;165.32;41.79;76.83;19.42;210.23;53.14;159.59;40.34;25.8;6.52;9.24;0.09;103;103.3;26.09;141.7;35.78;139.42;35.24;256.2;64.76;139.42;35.24;254.95;64.44;140.66;35.56;178.1;45.02;130.25;32.92;87.26;22.06;0;0
691085be-1ff4-499f-b759-bf36d7d1b224;PPS vs G2 -3-2020-08-23.21.58;Utopia Coliseum (Dusk);2020-08-23 21:58:39;loss;G2 ESPORTS;THE PEEPS;Rizzo;4284;Fennec;294;0;1;1;1;10;5;2;0;374;44.65;2681;1794;887;21;72;300;100;200;1;19;50.42;48.07;247;318;0;1487;525404;195.6;50.22;147.18;37.79;46.67;11.98;216.04;55.47;151.57;38.92;21.84;5.61;8.95;0.14;66;121.6;30.71;103.2;26.06;98.5;25.29;290.95;74.71;98.5;25.29;263.28;67.6;126.17;32.4;178.52;45.84;146.13;37.52;64.8;16.64;2;2
691085be-1ff4-499f-b759-bf36d7d1b224;PPS vs G2 -3-2020-08-23.21.58;Utopia Coliseum (Dusk);2020-08-23 21:58:39;loss;G2 ESPORTS;THE PEEPS;JKnaps;23;Octane;597;3;1;0;5;10;5;2;60;454;43.6;2757;2167;590;25;50;440;273;167;3;14;36.39;33.13;323;332;26;1592;564628;180.95;46.11;141.34;36.02;70.13;17.87;200.71;51.15;158.82;40.47;32.88;8.38;13.18;0.12;110;140.7;35.53;115;29.04;112.32;28.62;280.1;71.38;112.32;28.62;272.33;69.4;120.09;30.6;209.86;53.48;116.22;29.62;66.34;16.91;0;1
09ea3bf0-3ee3-484d-b45f-188219ebce51;PPS vs G2 -4-2020-08-23.22.10;Mannfield (Night);2020-08-23 22:10:05;win;THE PEEPS;G2 ESPORTS;Allushin;4284;Fennec;507;2;1;1;3;11;4;3;66.67;427;44.64;3494;2394;1100;29;96;1119;742;377;8;33;82.29;46.92;336;523;63;1584;754410;222.92;43.54;199.06;38.88;90;17.58;283.34;55.34;199.34;38.94;29.3;5.72;11.74;0.08;146;123.2;23.74;192.3;37.05;157.16;30.7;354.81;69.3;157.16;30.7;310.36;60.62;201.62;39.38;225.24;43.99;175.52;34.28;111.21;21.72;0;3
09ea3bf0-3ee3-484d-b45f-188219ebce51;PPS vs G2 -4-2020-08-23.22.10;Mannfield (Night);2020-08-23 22:10:05;win;THE PEEPS;G2 ESPORTS;Gyro.;23;Octane;803;1;3;3;3;11;4;0;33.33;402;41.31;3471;2523;948;28;80;594;401;193;5;16;87.88;45.85;621;290;98;1548;740937;250.09;48.46;200.42;38.84;65.54;12.7;304.89;59.08;171.93;33.32;39.23;7.6;10.59;0.11;97;217.5;41.91;138.1;26.61;124.13;24.05;391.92;75.95;124.13;24.05;365.34;70.8;150.71;29.2;279.71;54.2;148.92;28.86;87.41;16.94;1;1
09ea3bf0-3ee3-484d-b45f-188219ebce51;PPS vs G2 -4-2020-08-23.22.10;Mannfield (Night);2020-08-23 22:10:05;win;THE PEEPS;G2 ESPORTS;AYYJAYY;23;Octane;551;2;0;2;5;11;4;1;40;413;49.16;3556;2614;942;30;77;873;509;364;7;24;68.28;68.08;371;438;190;1474;705366;267.02;51.77;187.5;36.35;61.3;11.88;310.96;60.28;173.7;33.67;31.16;6.04;14.55;0.12;119;149;28.71;154.4;29.75;123.06;23.86;392.76;76.14;123.06;23.86;331.94;64.35;183.87;35.65;236.96;45.94;172.07;33.36;106.78;20.7;1;1
09ea3bf0-3ee3-484d-b45f-188219ebce51;PPS vs G2 -4-2020-08-23.22.10;Mannfield (Night);2020-08-23 22:10:05;loss;G2 ESPORTS;THE PEEPS;Chicago;403;Dominus;724;3;0;3;5;11;5;0;60;474;45.63;3805;2824;981;32;88;1153;758;395;8;34;76.42;42.82;496;401;41;1625;780756;207.18;39.93;204.73;39.46;106.91;20.61;264.73;51.03;214.9;41.42;39.19;7.55;9.77;0.08;124;138.7;26.72;150.9;29.08;170.47;32.86;348.34;67.14;170.47;32.86;317.56;61.21;201.25;38.79;236.76;45.63;154.21;29.72;127.85;24.64;4;0
09ea3bf0-3ee3-484d-b45f-188219ebce51;PPS vs G2 -4-2020-08-23.22.10;Mannfield (Night);2020-08-23 22:10:05;loss;G2 ESPORTS;THE PEEPS;JKnaps;23;Octane;320;0;2;0;3;11;5;4;0;439;45.72;3697;2823;874;31;77;605;322;283;4;24;68.23;47.73;466;282;77;1589;768799;215.39;41.5;214.47;41.33;89.12;17.17;258.88;49.88;231.34;44.58;28.76;5.54;15.15;0.1;146;174.5;33.62;147.6;28.44;162.83;31.38;356.15;68.62;162.83;31.38;346.76;66.82;172.22;33.18;254.13;48.97;168.25;32.42;96.6;18.61;1;0
09ea3bf0-3ee3-484d-b45f-188219ebce51;PPS vs G2 -4-2020-08-23.22.10;Mannfield (Night);2020-08-23 22:10:05;loss;G2 ESPORTS;THE PEEPS;Rizzo;4284;Fennec;528;1;2;2;3;11;5;1;33.33;403;50.69;3489;2398;1091;28;98;906;595;311;7;29;34.62;38.77;466;456;129;1566;745604;226.32;44.13;208.73;40.7;77.75;15.16;280.58;54.71;193.12;37.66;39.11;7.63;10.67;0.11;95;174;33.53;182;35.07;164.93;32.16;347.88;67.84;164.93;32.16;319.06;62.22;193.75;37.78;242.95;47.38;149.63;29.18;120.23;23.45;0;2
4b9c129d-a60f-4b63-a6a0-2b33387c3de0;PPS vs G2 -5-2020-08-23.22.16;Champions Field;2020-08-23 22:16:56;win;THE PEEPS;G2 ESPORTS;Gyro.;23;Octane;307;0;1;2;1;9;0;0;0;425;45.68;2211;1688;523;19;46;367;200;167;2;14;62.55;32.59;491;211;0;1610;490558;118.37;37.89;144.66;46.31;49.35;15.8;187.43;60;108.31;34.67;16.64;5.33;5.73;0.1;60;92.9;29.49;111.6;35.43;84.34;27;228.03;73;84.34;27;200.89;64.31;111.49;35.69;153.39;49.1;98.38;31.49;60.61;19.4;1;1
4b9c129d-a60f-4b63-a6a0-2b33387c3de0;PPS vs G2 -5-2020-08-23.22.16;Champions Field;2020-08-23 22:16:56;win;THE PEEPS;G2 ESPORTS;Allushin;4284;Fennec;503;1;0;3;4;9;0;0;25;434;47.47;2270;1590;680;18;62;815;712;103;8;10;37.64;24.42;141;107;9;1528;461587;137.83;44.55;136.27;44.04;35.29;11.41;184.77;59.72;107.64;34.79;16.98;5.49;9.32;0.09;101;77;24.44;120.6;38.29;92.99;30.06;216.39;69.94;92.99;30.06;191.27;61.82;118.11;38.18;135.11;43.67;115.28;37.26;59;19.07;3;2
4b9c129d-a60f-4b63-a6a0-2b33387c3de0;PPS vs G2 -5-2020-08-23.22.16;Champions Field;2020-08-23 22:16:56;win;THE PEEPS;G2 ESPORTS;AYYJAYY;23;Octane;374;0;0;3;1;9;0;0;0;394;45.09;1989;1443;546;19;47;278;186;92;2;8;31.77;19.18;170;368;13;1471;447453;144.86;46.37;137.6;44.05;29.93;9.58;179.28;57.39;110.12;35.25;22.99;7.36;10.21;0.12;84;141.6;44.95;79.1;25.11;43.42;13.9;268.96;86.1;43.42;13.9;241.65;77.36;70.74;22.64;181.09;57.97;99.45;31.84;31.84;10.19;1;1
4b9c129d-a60f-4b63-a6a0-2b33387c3de0;PPS vs G2 -5-2020-08-23.22.16;Champions Field;2020-08-23 22:16:56;loss;G2 ESPORTS;THE PEEPS;Chicago;403;Dominus;306;0;0;2;3;6;1;0;0;441;41.92;2339;1561;778;17;70;774;461;313;5;29;65.15;17.38;365;154;47;1617;486716;117.95;38.15;121.16;39.19;70.07;22.66;171.2;55.37;111.63;36.11;26.35;8.52;7.91;0.09;85;96.3;30.57;88.1;27.97;108.93;35.23;200.25;64.77;108.93;35.23;175.95;56.91;133.24;43.09;130.91;42.34;95.49;30.88;82.79;26.78;2;2
4b9c129d-a60f-4b63-a6a0-2b33387c3de0;PPS vs G2 -5-2020-08-23.22.16;Champions Field;2020-08-23 22:16:56;loss;G2 ESPORTS;THE PEEPS;Rizzo;4284;Fennec;182;0;0;0;4;6;1;1;0;333;41.31;1712;917;795;12;68;525;260;265;3;23;59.41;12.84;329;283;39;1603;488481;128.38;41.1;125.58;40.2;58.4;18.7;170.96;54.74;127.47;40.81;13.91;4.45;10.54;0.12;87;112.7;35.78;120.9;38.38;122.31;39.16;190.04;60.84;122.31;39.16;180.99;57.94;131.36;42.06;110.22;35.29;126.03;40.35;76.09;24.36;2;1
4b9c129d-a60f-4b63-a6a0-2b33387c3de0;PPS vs G2 -5-2020-08-23.22.16;Champions Field;2020-08-23 22:16:56;loss;G2 ESPORTS;THE PEEPS;JKnaps;23;Octane;226;0;0;2;2;6;1;0;0;479;43.07;2430;1765;665;21;59;633;467;166;5;14;52.04;28.18;290;334;32;1595;481260;123.47;39.91;135.06;43.66;50.81;16.43;154.53;49.95;130.79;42.28;24.03;7.77;9.24;0.1;92;111;35.24;99.3;31.52;100.36;32.44;208.98;67.56;100.36;32.44;186.38;60.25;122.97;39.75;116.47;37.65;132.17;42.73;60.71;19.63;0;2
6b4da328-a8a7-4ff1-a9d5-2138221b85d0;SQ vs SSG -1-2020-08-23.22.39;DFH Stadium;2020-08-23 22:39:47;loss;SONIQS;SPACESTATION;Satthew;23;Octane;264;0;0;1;3;7;2;2;0;377;48.05;2677;1693;984;21;88;769;428;341;5;32;54.57;49.75;338;456;78;1567;666338;190.74;43.32;183.85;41.76;65.68;14.92;264.67;60.12;155.78;35.38;19.82;4.5;15.81;0.14;115;126.1;28.66;146;33.18;143.11;32.51;297.16;67.49;143.11;32.51;259.77;59;180.5;41;186.01;42.25;154.48;35.09;99.78;22.66;2;0
6b4da328-a8a7-4ff1-a9d5-2138221b85d0;SQ vs SSG -1-2020-08-23.22.39;DFH Stadium;2020-08-23 22:39:47;loss;SONIQS;SPACESTATION;jruss;23;Octane;315;1;0;1;1;7;2;0;100;369;56.22;2746;1701;1045;21;96;1033;633;400;7;35;19.95;53.81;281;483;83;1483;626200;206.31;47.19;190.16;43.49;40.76;9.32;270.91;61.96;145.14;33.2;21.18;4.84;10.1;0.1;106;138.2;31.41;151;34.32;149.51;34.19;287.73;65.81;149.51;34.19;265.22;60.66;172.02;39.34;172.75;39.51;161.95;37.04;102.54;23.45;2;1
6b4da328-a8a7-4ff1-a9d5-2138221b85d0;SQ vs SSG -1-2020-08-23.22.39;DFH Stadium;2020-08-23 22:39:47;loss;SONIQS;SPACESTATION;Shock;23;Octane;234;0;1;0;4;7;2;0;0;359;58.02;2596;1792;804;20;78;865;623;242;7;25;23.19;50.31;223;265;102;1385;591376;246.43;55.96;150.68;34.22;43.27;9.83;241.55;54.85;167.47;38.03;31.36;7.12;7.58;0.11;69;162.2;36.86;126;28.64;108.68;24.68;331.69;75.32;108.68;24.68;272.74;61.93;167.63;38.07;196.88;44.71;147.49;33.49;96;21.8;0;0
6b4da328-a8a7-4ff1-a9d5-2138221b85d0;SQ vs SSG -1-2020-08-23.22.39;DFH Stadium;2020-08-23 22:39:47;win;SPACESTATION;SONIQS;Retals;23;Octane;398;0;0;3;3;8;1;0;0;379;50.93;2903;2078;825;24;75;984;654;330;7;30;54.34;59.21;523;392;52;1525;644683;200.71;45.9;165.78;37.91;70.82;16.19;277.02;63.35;142.6;32.61;17.68;4.04;8.31;0.12;72;114.3;25.98;176;40;141.36;32.32;295.95;67.68;141.36;32.32;269.97;61.73;167.34;38.27;201.95;46.18;137.35;31.41;98.01;22.41;0;1
6b4da328-a8a7-4ff1-a9d5-2138221b85d0;SQ vs SSG -1-2020-08-23.22.39;DFH Stadium;2020-08-23 22:39:47;win;SPACESTATION;SONIQS;Arsenal;4284;Fennec;409;1;0;2;2;8;1;1;50;430;48.45;3244;2430;814;31;70;1212;907;305;10;27;51.34;57.71;776;657;105;1492;627746;220.86;50.5;156.04;35.68;60.41;13.81;267.84;61.25;153.01;34.99;16.46;3.76;13.37;0.12;114;129.4;29.41;166.1;37.75;134.25;30.7;303.05;69.3;134.25;30.7;271.14;62;166.17;38;219.39;50.17;108.28;24.76;109.63;25.07;1;1
6b4da328-a8a7-4ff1-a9d5-2138221b85d0;SQ vs SSG -1-2020-08-23.22.39;DFH Stadium;2020-08-23 22:39:47;win;SPACESTATION;SONIQS;Sypical;23;Octane;442;1;0;2;2;8;1;0;50;432;50.39;3048;2220;828;25;73;582;397;185;4;16;47.13;44;348;303;2;1528;639906;194.38;44.75;175.65;40.44;64.34;14.81;241.26;55.54;158.24;36.43;34.86;8.03;10.27;0.11;92;188.1;42.75;81.6;18.55;76.3;17.57;358.06;82.43;76.3;17.57;306.17;70.49;128.2;29.51;247.68;57.02;123.17;28.36;63.52;14.62;0;2
d753691d-abfe-420f-b714-91ecc05116fa;SQ vs SSG -2-2020-08-23.22.47;Urban Central (Dawn);2020-08-23 22:47:07;loss;SONIQS;SPACESTATION;Satthew;23;Octane;112;0;0;0;0;7;4;2;0;357;49.46;2122;1377;745;17;69;333;191;142;2;14;29.49;34.68;282;374;17;1548;499219;160.58;46.97;140.8;41.18;40.5;11.85;217.54;63.63;100.92;29.52;23.41;6.85;9.84;0.12;84;127.6;37.31;109;31.87;98.3;28.75;243.58;71.25;98.3;28.75;230.15;67.32;111.73;32.68;156.19;45.69;130.84;38.27;54.84;16.04;0;0
d753691d-abfe-420f-b714-91ecc05116fa;SQ vs SSG -2-2020-08-23.22.47;Urban Central (Dawn);2020-08-23 22:47:07;loss;SONIQS;SPACESTATION;Shock;23;Octane;140;0;0;0;1;7;4;2;0;323;59.49;1689;970;719;14;68;417;199;218;2;21;8.75;38.24;94;474;7;1353;429419;201.5;59.99;109.94;32.73;24.46;7.28;213.08;63.44;112.33;33.44;10.49;3.12;7.12;0.11;62;119.8;35.03;91.5;26.75;104.74;31.18;231.16;68.82;104.74;31.18;203.4;60.55;132.5;39.45;145.12;43.2;125.53;37.37;65.25;19.43;0;2
d753691d-abfe-420f-b714-91ecc05116fa;SQ vs SSG -2-2020-08-23.22.47;Urban Central (Dawn);2020-08-23 22:47:07;loss;SONIQS;SPACESTATION;jruss;23;Octane;283;0;0;1;1;7;4;0;0;413;54.87;2444;1628;816;22;74;834;434;400;5;36;18.15;49.68;336;507;66;1578;509345;147.54;43.16;135.68;39.69;58.65;17.16;197.45;57.76;129.04;37.75;15.38;4.5;7.88;0.1;82;82.8;24.21;123.4;36.08;132.57;38.78;209.3;61.22;132.57;38.78;192.81;56.4;149.06;43.6;137.92;40.34;114.95;33.62;89.01;26.04;1;0
d753691d-abfe-420f-b714-91ecc05116fa;SQ vs SSG -2-2020-08-23.22.47;Urban Central (Dawn);2020-08-23 22:47:07;win;SPACESTATION;SONIQS;Retals;23;Octane;118;0;0;0;1;2;0;0;0;335;55.26;2146;1508;638;20;52;461;212;249;3;15;30.24;61.16;307;533;87;1525;493261;151.6;44.32;148.24;43.34;42.23;12.35;214.59;62.73;118.18;34.55;9.31;2.72;6.31;0.11;58;101.6;29.71;123.3;36.05;88.18;25.78;253.9;74.22;88.18;25.78;227.03;66.37;115.05;33.63;177.18;51.8;94.21;27.54;70.68;20.66;1;0
d753691d-abfe-420f-b714-91ecc05116fa;SQ vs SSG -2-2020-08-23.22.47;Urban Central (Dawn);2020-08-23 22:47:07;win;SPACESTATION;SONIQS;Arsenal;4284;Fennec;370;2;0;0;2;2;0;0;100;391;51.56;2180;1516;664;20;51;484;353;131;4;12;40.83;50.38;455;504;50;1445;459879;173.63;51.44;120.83;35.8;43.1;12.77;186.6;55.28;134.01;39.7;16.95;5.02;9.03;0.11;82;107.1;31.32;102.2;29.88;63.63;18.85;273.93;81.15;63.63;18.85;233.03;69.03;104.54;30.97;176.04;52.15;104.79;31.04;56.73;16.81;1;1
d753691d-abfe-420f-b714-91ecc05116fa;SQ vs SSG -2-2020-08-23.22.47;Urban Central (Dawn);2020-08-23 22:47:07;win;SPACESTATION;SONIQS;Sypical;23;Octane;456;2;0;1;4;2;0;0;50;416;50.49;2355;1661;694;22;64;451;272;179;4;17;39.23;38;382;578;137;1549;500679;141.88;41.48;151.57;44.32;48.56;14.2;188.42;55.09;131.14;38.34;22.45;6.56;7.77;0.12;65;119.7;35;98.5;28.8;71.43;20.89;270.58;79.11;71.43;20.89;244.4;71.46;97.61;28.54;177.34;51.85;108.62;31.76;56.05;16.39;0;0
b66eecd9-9e10-44c7-9bec-e72811c45d1b;SQ vs SSG -3-2020-08-23.22.54;Utopia Coliseum (Dusk);2020-08-23 22:54:50;loss;SONIQS;SPACESTATION;Satthew;23;Octane;246;0;0;2;2;8;2;0;0;336;47.02;2020;1359;661;16;58;667;497;170;6;15;46.54;21.09;235;255;102;1462;521369;204.75;55.21;131.89;35.57;34.19;9.22;222.14;59.91;124.16;33.48;24.52;6.61;13.28;0.13;104;102.9;27.74;136.3;36.74;120.99;32.63;249.84;67.37;120.99;32.63;219.92;59.3;150.91;40.7;155.89;42.04;133.57;36.02;81.36;21.94;1;0
b66eecd9-9e10-44c7-9bec-e72811c45d1b;SQ vs SSG -3-2020-08-23.22.54;Utopia Coliseum (Dusk);2020-08-23 22:54:50;loss;SONIQS;SPACESTATION;jruss;23;Octane;266;0;1;1;2;8;2;0;0;341;51.02;2084;1303;781;16;69;696;456;240;6;22;19.35;34.37;192;328;153;1476;520394;185.29;50.38;149.54;40.66;32.99;8.97;209.98;57.09;135.63;36.87;22.22;6.04;7.91;0.1;82;123;33.15;120.1;32.37;96.56;26.25;271.26;73.75;96.56;26.25;245.49;66.74;122.34;33.26;159.81;43.45;145.79;39.64;62.22;16.92;1;1
b66eecd9-9e10-44c7-9bec-e72811c45d1b;SQ vs SSG -3-2020-08-23.22.54;Utopia Coliseum (Dusk);2020-08-23 22:54:50;loss;SONIQS;SPACESTATION;Shock;23;Octane;385;1;0;2;1;8;2;2;100;356;51.94;2116;1483;633;19;58;276;80;196;1;17;37.59;33.89;201;429;19;1457;504406;181.15;50.2;140.4;38.9;39.33;10.9;199.35;55.24;142.41;39.46;19.12;5.3;6.4;0.12;55;137.4;37.04;97.3;26.23;91.33;25.31;269.54;74.69;91.33;25.31;233.84;64.8;127.03;35.2;183.23;50.77;102.15;28.31;75.5;20.92;1;3
b66eecd9-9e10-44c7-9bec-e72811c45d1b;SQ vs SSG -3-2020-08-23.22.54;Utopia Coliseum (Dusk);2020-08-23 22:54:50;win;SPACESTATION;SONIQS;Retals;23;Octane;106;0;0;0;2;5;1;1;0;364;55.2;2343;1791;552;23;48;412;269;143;3;12;28.92;52.85;300;524;30;1472;524401;180.95;48.8;150.27;40.52;39.61;10.68;242.41;65.37;105.5;28.45;22.91;6.18;8.08;0.13;61;133.2;35.9;112.2;30.24;99.68;26.88;271.15;73.12;99.68;26.88;261.16;70.43;109.66;29.57;191.27;51.58;129.83;35.01;49.72;13.41;0;0
b66eecd9-9e10-44c7-9bec-e72811c45d1b;SQ vs SSG -3-2020-08-23.22.54;Utopia Coliseum (Dusk);2020-08-23 22:54:50;win;SPACESTATION;SONIQS;Arsenal;4284;Fennec;563;2;0;3;2;5;1;0;100;442;58.32;2682;2078;604;27;54;633;459;174;6;15;24.16;65.05;441;645;140;1501;524455;178.85;49.11;128.58;35.31;56.76;15.59;207.46;56.97;128.54;35.3;28.18;7.74;10.04;0.13;78;103.1;27.79;120.4;32.45;96.06;26.38;268.12;73.62;96.06;26.38;224.84;61.74;139.34;38.26;162.95;44.74;114.87;31.54;86.36;23.71;4;2
b66eecd9-9e10-44c7-9bec-e72811c45d1b;SQ vs SSG -3-2020-08-23.22.54;Utopia Coliseum (Dusk);2020-08-23 22:54:50;win;SPACESTATION;SONIQS;Sypical;23;Octane;371;0;1;1;4;5;1;0;0;410;46.55;2574;1909;665;25;59;846;596;250;7;22;55.59;43.6;295;609;114;1568;552248;154.29;41.95;144.62;39.32;68.85;18.72;186.53;50.72;150.41;40.9;30.83;8.38;8.44;0.11;75;123.6;33.32;120.9;32.59;100.93;27.44;266.83;72.56;100.93;27.44;233.74;63.56;134.02;36.44;174.42;47.43;118.13;32.12;75.21;20.45;0;1
b626da60-3489-491c-952a-bd1ac7221e8b;NV vs NRG -1-2020-08-23.23.15;DFH Stadium;2020-08-23 23:15:06;win;NRG;TEAM ENVY;jstn.;23;Octane;793;4;0;2;4;7;0;0;100;437;53.09;2214;1613;601;20;54;614;380;234;5;21;30.99;44.26;168;403;120;1608;513698;132.92;39.33;147.51;43.64;57.55;17.03;176.14;52.12;125.24;37.06;36.59;10.83;6.83;0.08;83;92.1;26.77;131.7;38.28;91.87;27.18;246.1;72.82;91.87;27.18;192.63;57;145.34;43;146.1;43.23;102.31;30.27;89.56;26.5;0;2
b626da60-3489-491c-952a-bd1ac7221e8b;NV vs NRG -1-2020-08-23.23.15;DFH Stadium;2020-08-23 23:15:06;win;NRG;TEAM ENVY;Squishy;23;Octane;367;0;3;1;2;7;0;0;0;420;56;2355;1727;628;22;58;530;376;154;4;14;28.2;28.76;211;442;23;1545;497650;144.28;42.31;142.87;41.9;53.84;15.79;189.45;55.56;128.02;37.54;23.51;6.89;7.62;0.09;89;119.5;34.74;94.8;27.56;64.76;18.99;276.23;81.01;64.76;18.99;223.06;65.42;117.93;34.58;169.81;49.8;111.11;32.59;60.06;17.61;1;1
b626da60-3489-491c-952a-bd1ac7221e8b;NV vs NRG -1-2020-08-23.23.15;DFH Stadium;2020-08-23 23:15:06;loss;TEAM ENVY;NRG;Turbopolsa;23;Octane;154;0;0;0;4;8;4;1;0;406;46.84;2138;1388;750;17;68;415;185;230;2;21;32.49;32.72;197;290;14;1541;482566;136.67;41.23;144.47;43.59;50.31;15.18;195.71;59.05;114.52;34.55;21.22;6.4;7.41;0.11;65;93.5;27.18;117.4;34.13;105.44;31.81;226.01;68.19;105.44;31.81;208.92;63.03;122.53;36.97;165.42;49.91;93.44;28.19;72.59;21.9;2;4
b626da60-3489-491c-952a-bd1ac7221e8b;NV vs NRG -1-2020-08-23.23.15;DFH Stadium;2020-08-23 23:15:06;loss;TEAM ENVY;NRG;mist;23;Octane;257;0;0;2;2;8;4;2;0;416;41.87;2320;1592;728;18;62;519;356;163;4;14;54.37;26.72;226;214;43;1533;494821;160.71;47.14;126.68;37.16;53.53;15.7;183.96;53.96;134.31;39.4;22.65;6.64;9.04;0.14;66;125.3;36.42;89.4;25.99;85.5;25.08;255.42;74.92;85.5;25.08;241.04;70.7;99.88;29.3;191.21;56.09;92.03;26.99;57.68;16.92;1;1
b626da60-3489-491c-952a-bd1ac7221e8b;NV vs NRG -1-2020-08-23.23.15;DFH Stadium;2020-08-23 23:15:06;win;NRG;TEAM ENVY;GarrettG;4284;Fennec;215;0;0;2;2;7;0;0;0;383;55.78;2234;1317;917;17;80;534;276;258;3;17;21.48;40.37;379;452;23;1610;523919;146.21;42.49;139.04;40.41;58.83;17.1;218.23;63.42;110.68;32.17;15.18;4.41;9.26;0.12;75;123.7;35.96;99.5;28.92;79.28;23.04;264.81;76.96;79.28;23.04;231.82;67.37;112.27;32.63;149.48;43.44;133.5;38.8;61.1;17.76;4;0
b626da60-3489-491c-952a-bd1ac7221e8b;NV vs NRG -1-2020-08-23.23.15;DFH Stadium;2020-08-23 23:15:06;loss;TEAM ENVY;NRG;Atomic;23;Octane;232;0;0;1;1;8;4;1;0;378;55.93;2230;1606;624;20;57;563;371;192;4;16;23.44;65.58;159;443;29;1546;502619;161.34;46.9;136.99;39.82;45.69;13.28;181.37;52.72;131.81;38.31;30.85;8.97;6.87;0.13;51;119.2;34.65;119.9;34.85;92.57;26.91;251.45;73.09;92.57;26.91;232.73;67.65;111.29;32.35;171.95;49.98;123.73;35.97;48.34;14.05;0;0
dc91198c-e265-4069-a9bb-a77ba0cca571;NV vs NRG -2-2020-08-23.23.21;Urban Central (Dawn);2020-08-23 23:21:45;loss;TEAM ENVY;NRG;Atomic;23;Octane;524;0;0;5;0;18;1;1;0;354;56.63;1899;1071;828;16;56;268;208;60;3;5;56.46;45.83;274;599;91;1387;431614;177.21;55.55;109.66;34.38;32.14;10.07;167.45;52.49;117.39;36.8;34.16;10.71;5.6;0.13;44;130.5;40.91;79.7;24.98;91.15;28.57;227.86;71.43;91.15;28.57;245.93;77.09;73.08;22.91;188.79;59.18;101.46;31.81;28.75;9.01;2;0
dc91198c-e265-4069-a9bb-a77ba0cca571;NV vs NRG -2-2020-08-23.23.21;Urban Central (Dawn);2020-08-23 23:21:45;loss;TEAM ENVY;NRG;Turbopolsa;403;Dominus;339;0;0;4;1;18;1;0;0;338;51.21;1740;1065;675;12;63;511;341;170;4;16;24.05;31.76;184;174;58;1456;447379;161.69;51.17;113.44;35.9;40.87;12.93;184.58;58.41;116.72;36.94;14.71;4.65;7.71;0.11;73;84.5;26.49;118;36.99;124.44;39.38;191.56;60.62;124.44;39.38;222.47;70.4;93.53;29.6;182.75;57.83;88.79;28.1;44.47;14.07;1;1
dc91198c-e265-4069-a9bb-a77ba0cca571;NV vs NRG -2-2020-08-23.23.21;Urban Central (Dawn);2020-08-23 23:21:45;loss;TEAM ENVY;NRG;mist;23;Octane;383;0;0;4;1;18;1;0;0;415;48.21;2182;1577;605;20;55;326;187;139;2;12;48.18;40.11;203;429;12;1589;489218;126.61;40.06;138.52;43.83;50.91;16.11;149.78;47.39;136.46;43.18;29.79;9.43;7.48;0.13;59;96.8;30.34;117;36.68;114.68;36.29;201.36;63.71;114.68;36.29;222.68;70.46;93.36;29.54;174.01;55.06;97.8;30.95;44.23;14;1;1
dc91198c-e265-4069-a9bb-a77ba0cca571;NV vs NRG -2-2020-08-23.23.21;Urban Central (Dawn);2020-08-23 23:21:45;win;NRG;TEAM ENVY;GarrettG;4284;Fennec;184;0;1;1;4;2;0;0;0;379;56.5;2055;1312;743;18;68;541;331;210;4;19;21.65;28.19;302;520;72;1563;477189;139.84;44.68;120.65;38.55;52.52;16.78;188.29;60.15;110.8;35.4;13.92;4.45;8.44;0.12;73;132.6;41.57;78.9;24.73;52.98;16.93;260.02;83.07;52.98;16.93;177.14;56.59;135.87;43.41;126.87;40.53;103.65;33.11;82.49;26.35;1;2
dc91198c-e265-4069-a9bb-a77ba0cca571;NV vs NRG -2-2020-08-23.23.21;Urban Central (Dawn);2020-08-23 23:21:45;win;NRG;TEAM ENVY;jstn.;23;Octane;267;0;0;1;6;2;0;0;0;426;52.25;2252;1744;508;22;40;664;484;180;6;17;23.03;60.83;143;478;133;1566;477967;129.04;41.22;137.16;43.81;46.87;14.97;163.71;52.29;124.91;39.9;24.45;7.81;9.3;0.09;108;90;28.21;113.6;35.61;78.45;25.06;234.62;74.94;78.45;25.06;147.94;47.25;165.14;52.75;103.53;33.07;104.57;33.4;104.98;33.53;1;2
dc91198c-e265-4069-a9bb-a77ba0cca571;NV vs NRG -2-2020-08-23.23.21;Urban Central (Dawn);2020-08-23 23:21:45;win;NRG;TEAM ENVY;Squishy;23;Octane;318;1;0;0;8;2;0;0;12.5;444;49.1;2212;1538;674;20;63;578;383;195;4;19;38.03;31.15;350;503;18;1654;514928;101.95;31.95;161.16;50.51;55.96;17.54;170.65;53.48;113.07;35.44;35.36;11.08;5;0.09;58;95.3;29.87;119.3;37.4;80.76;25.31;238.32;74.69;80.76;25.31;179.17;56.15;139.9;43.85;117.57;36.85;108.08;33.87;93.43;29.28;0;0
6f79ed79-6649-4833-a49d-3f963777f706;NV vs NRG -3-2020-08-23.23.28;Neo Tokyo (Standard);2020-08-23 23:28:57;loss;TEAM ENVY;NRG;Atomic;23;Octane;215;0;1;1;2;9;2;1;0;358;46.12;2114;1568;546;17;48;142;65;77;1;7;65.21;21.25;214;147;34;1531;484824;146.98;44.39;145.58;43.97;38.52;11.63;176.8;53.4;130.05;39.28;24.23;7.32;6.84;0.12;55;113.2;33.89;101.8;30.48;88.1;26.61;242.99;73.39;88.1;26.61;232.41;70.2;98.68;29.8;179.09;54.09;104.11;31.44;47.89;14.46;0;1
6f79ed79-6649-4833-a49d-3f963777f706;NV vs NRG -3-2020-08-23.23.28;Neo Tokyo (Standard);2020-08-23 23:28:57;loss;TEAM ENVY;NRG;mist;23;Octane;439;1;0;3;1;9;2;1;100;434;48.19;2337;1626;711;20;56;277;96;181;1;15;38.52;23.22;332;377;3;1580;503841;139.04;41.62;143.42;42.93;51.62;15.45;179.32;53.68;137.28;41.09;17.48;5.23;10.65;0.13;79;115.5;34.58;95.5;28.59;87.18;26.1;246.9;73.9;87.18;26.1;244.32;73.13;89.76;26.87;189.36;56.68;101.47;30.37;43.26;12.95;1;0
6f79ed79-6649-4833-a49d-3f963777f706;NV vs NRG -3-2020-08-23.23.28;Neo Tokyo (Standard);2020-08-23 23:28:57;loss;TEAM ENVY;NRG;Turbopolsa;4284;Fennec;273;0;0;2;3;9;2;0;0;395;50.89;2205;1458;747;17;69;289;131;158;2;16;41.8;32.17;184;266;68;1571;500520;144.6;43.29;141.56;42.38;47.89;14.34;182.89;54.75;134.44;40.25;16.72;5.01;7.03;0.12;59;94.1;28.17;122.7;36.74;100.53;30.09;233.52;69.91;100.53;30.09;219.83;65.81;114.22;34.19;160.54;48.06;114.42;34.25;59.09;17.69;1;0
6f79ed79-6649-4833-a49d-3f963777f706;NV vs NRG -3-2020-08-23.23.28;Neo Tokyo (Standard);2020-08-23 23:28:57;win;NRG;TEAM ENVY;GarrettG;4284;Fennec;241;0;0;2;3;6;1;0;0;399;53.97;2133;1391;742;18;72;609;263;346;3;32;15.25;40.11;432;464;45;1615;515883;136.15;40.75;132.99;39.8;64.98;19.45;203.23;60.83;113.7;34.03;17.19;5.14;8.66;0.13;66;100.1;29.97;137.9;41.29;88.2;26.4;245.92;73.6;88.2;26.4;197.47;59.1;136.65;40.9;135.48;40.55;121.57;36.39;77.07;23.07;0;0
6f79ed79-6649-4833-a49d-3f963777f706;NV vs NRG -3-2020-08-23.23.28;Neo Tokyo (Standard);2020-08-23 23:28:57;win;NRG;TEAM ENVY;Squishy;23;Octane;311;1;1;1;1;6;1;0;100;400;56.92;2161;1756;405;22;38;31;0;31;0;3;40.1;39.12;261;471;0;1530;478221;146.92;44.78;133.42;40.67;47.74;14.55;198.56;60.52;113.41;34.57;16.11;4.91;7.11;0.08;89;143.5;42.96;54.2;16.23;45.06;13.73;283.02;86.27;45.06;13.73;252.49;76.96;75.59;23.04;175.57;53.51;126.48;38.55;26.03;7.93;0;2
6f79ed79-6649-4833-a49d-3f963777f706;NV vs NRG -3-2020-08-23.23.28;Neo Tokyo (Standard);2020-08-23 23:28:57;win;NRG;TEAM ENVY;jstn.;23;Octane;440;1;1;2;5;6;1;1;20;423;52;2269;1522;747;19;52;389;246;143;3;12;20.78;53.79;498;398;53;1656;530282;119.58;35.8;140.44;42.04;74.03;22.16;191.12;57.21;122.16;36.57;20.77;6.22;7.5;0.08;100;82.2;24.61;127.8;38.26;101.04;30.25;233.01;69.75;101.04;30.25;194.49;58.22;139.57;41.78;136.12;40.75;108.08;32.35;89.85;26.9;1;0
790aef00-0926-4a0d-8226-281f228bd34b;NV vs NRG -4-2020-08-23.23.35;Utopia Coliseum (Dusk);2020-08-23 23:35:58;loss;TEAM ENVY;NRG;Atomic;23;Octane;309;0;0;2;2;5;1;0;0;394;54.16;2160;1357;803;16;65;490;280;210;3;18;33.93;26.59;330;283;24;1554;503406;149.48;45.09;136.44;41.15;45.63;13.76;205.71;62.04;112.53;33.94;13.31;4.01;9.84;0.14;72;109.4;33.05;102.5;30.97;86.38;26.05;245.17;73.95;86.38;26.05;196.09;59.14;135.46;40.86;132.48;39.96;120.97;36.49;78.11;23.56;2;0
790aef00-0926-4a0d-8226-281f228bd34b;NV vs NRG -4-2020-08-23.23.35;Utopia Coliseum (Dusk);2020-08-23 23:35:58;loss;TEAM ENVY;NRG;Turbopolsa;4284;Fennec;170;0;0;1;2;5;1;1;0;364;54.68;1964;1433;531;16;49;493;368;125;4;12;35.46;18.41;139;189;31;1409;452187;167.72;51.05;135.26;41.17;25.57;7.78;198.7;60.48;112.34;34.19;17.52;5.33;8.34;0.13;66;118.1;35.68;94.4;28.52;87.64;26.67;240.91;73.33;87.64;26.67;194.66;59.25;133.89;40.75;147.52;44.9;87.7;26.69;93.33;28.41;2;1
790aef00-0926-4a0d-8226-281f228bd34b;NV vs NRG -4-2020-08-23.23.35;Utopia Coliseum (Dusk);2020-08-23 23:35:58;loss;TEAM ENVY;NRG;mist;23;Octane;332;0;0;0;5;5;1;0;0;466;48.71;2467;1957;510;23;44;503;291;212;4;17;52.21;35.5;216;355;108;1613;520664;129.36;39.02;133.82;40.36;68.36;20.62;146.13;44.08;160.11;48.29;25.3;7.63;6.28;0.13;47;97.8;29.55;125.1;37.79;87.54;26.4;244.02;73.6;87.54;26.4;197.16;59.47;134.39;40.53;144.69;43.64;99.58;30.03;87.28;26.32;1;0
790aef00-0926-4a0d-8226-281f228bd34b;NV vs NRG -4-2020-08-23.23.35;Utopia Coliseum (Dusk);2020-08-23 23:35:58;win;NRG;TEAM ENVY;GarrettG;4284;Fennec;478;1;0;2;3;9;0;0;33.33;377;46.4;2027;1307;720;16;64;245;100;145;1;13;39.83;16.85;450;325;0;1551;499259;134.16;40.83;134.13;40.82;60.26;18.34;191.67;58.34;124.24;37.81;12.64;3.85;6.11;0.12;51;99.5;30.06;114.3;34.53;78.13;23.78;250.42;76.22;78.13;23.78;235.9;71.8;92.64;28.2;181.16;55.14;98.75;30.06;48.64;14.8;0;1
790aef00-0926-4a0d-8226-281f228bd34b;NV vs NRG -4-2020-08-23.23.35;Utopia Coliseum (Dusk);2020-08-23 23:35:58;win;NRG;TEAM ENVY;jstn.;23;Octane;520;0;0;4;2;9;0;0;0;326;47.25;1871;1371;500;18;45;268;100;168;1;14;33.59;38.23;144;351;0;1403;445000;180.86;55.71;103.03;31.74;40.76;12.56;177.35;54.63;132.25;40.74;15.05;4.64;7.07;0.09;76;119.2;36.01;97.8;29.55;66.49;20.48;258.16;79.52;66.49;20.48;227.03;69.93;97.61;30.07;176.1;54.24;90.6;27.91;57.94;17.85;1;2
790aef00-0926-4a0d-8226-281f228bd34b;NV vs NRG -4-2020-08-23.23.35;Utopia Coliseum (Dusk);2020-08-23 23:35:58;win;NRG;TEAM ENVY;Squishy;23;Octane;236;0;0;2;0;9;0;0;0;378;51.69;1957;1481;476;18;44;383;269;114;3;10;41.14;51.71;341;354;30;1451;458645;162.91;50.04;118.09;36.28;44.54;13.68;173.95;53.43;130.65;40.13;20.95;6.44;6.47;0.09;70;116.4;35.17;109.8;33.17;72.46;22.26;253.09;77.74;72.46;22.26;228.24;70.11;97.31;29.89;188.54;57.91;80.9;24.85;56.11;17.24;0;2
cea73e27-830a-4a8e-a90e-8c382c1b51e8;PPS vs SSG -1-2020-08-23.23.56;DFH Stadium;2020-08-23 23:56:18;loss;THE PEEPS;SPACESTATION;AYYJAYY;23;Octane;388;0;0;2;4;12;2;0;0;393;42.78;2075;1515;560;17;44;259;182;77;2;8;47.68;30.8;328;205;31;1424;454237;179.16;53.51;117.52;35.1;38.16;11.4;182.91;54.63;136.87;40.88;15.06;4.5;10.27;0.12;86;125;36.66;102.1;29.94;83.36;24.9;251.48;75.1;83.36;24.9;247.69;73.97;87.16;26.03;188.84;56.4;102.15;30.51;43.85;13.1;1;2
cea73e27-830a-4a8e-a90e-8c382c1b51e8;PPS vs SSG -1-2020-08-23.23.56;DFH Stadium;2020-08-23 23:56:18;loss;THE PEEPS;SPACESTATION;Gyro.;23;Octane;397;1;0;3;2;12;2;1;50;402;40.68;2183;1515;668;17;59;291;149;142;2;13;52.17;26.85;391;110;50;1388;445520;180.46;53.88;117.6;35.11;36.85;11;191.99;57.33;123.49;36.87;19.43;5.8;6.3;0.11;56;139;40.76;73.5;21.55;78.78;23.52;256.13;76.48;78.78;23.52;254.45;75.98;80.46;24.02;212.69;63.51;72.27;21.58;49.95;14.91;1;2
cea73e27-830a-4a8e-a90e-8c382c1b51e8;PPS vs SSG -1-2020-08-23.23.56;DFH Stadium;2020-08-23 23:56:18;loss;THE PEEPS;SPACESTATION;Allushin;4284;Fennec;210;0;0;0;1;12;2;1;0;429;46.94;2350;1680;670;18;59;467;287;180;3;15;69.31;21.46;230;129;12;1591;514518;135.9;40.22;147.21;43.57;54.77;16.21;186.82;55.29;125.87;37.25;25.18;7.45;7.44;0.08;90;74.2;21.76;148.2;43.46;117.74;34.85;220.14;65.15;117.74;34.85;215.59;63.81;122.29;36.19;160.68;47.56;104.08;30.8;73.12;21.64;2;1
cea73e27-830a-4a8e-a90e-8c382c1b51e8;PPS vs SSG -1-2020-08-23.23.56;DFH Stadium;2020-08-23 23:56:18;win;SPACESTATION;THE PEEPS;Retals;23;Octane;357;0;1;1;4;7;1;1;0;354;51.1;2138;1556;582;19;53;455;270;185;3;18;46.1;41.22;405;374;38;1487;473589;171.21;51.28;122.18;36.6;40.46;12.12;218.34;65.4;105.83;31.7;9.69;2.9;7.21;0.13;56;122.9;36.04;110;32.26;89.19;26.71;244.67;73.29;89.19;26.71;194.43;58.24;139.42;41.76;120.13;35.98;137.02;41.04;76.7;22.97;1;2
cea73e27-830a-4a8e-a90e-8c382c1b51e8;PPS vs SSG -1-2020-08-23.23.56;DFH Stadium;2020-08-23 23:56:18;win;SPACESTATION;THE PEEPS;Arsenal;4284;Fennec;253;0;1;1;2;7;1;0;0;447;50.42;2470;1867;603;25;53;620;342;278;6;24;22.45;53.28;556;573;263;1570;507555;151.13;44.72;123.16;36.44;63.65;18.83;193.68;57.31;125.21;37.05;19.05;5.64;8.24;0.12;70;95.3;27.95;127.4;37.36;103.71;30.69;234.24;69.31;103.71;30.69;172.29;50.98;165.65;49.02;129.01;38.18;102.89;30.45;106.04;31.38;4;1
cea73e27-830a-4a8e-a90e-8c382c1b51e8;PPS vs SSG -1-2020-08-23.23.56;DFH Stadium;2020-08-23 23:56:18;win;SPACESTATION;THE PEEPS;Sypical;23;Octane;477;2;0;0;6;7;1;0;33.33;408;52.67;2297;1590;707;19;67;469;199;270;3;26;35.96;52.52;252;354;100;1564;505849;140.88;41.68;150.13;44.42;46.97;13.9;204.02;60.36;121.42;35.92;12.55;3.71;6.84;0.11;60;114.2;33.49;86.3;25.31;80.55;23.83;257.43;76.17;80.55;23.83;206.08;60.97;131.9;39.03;150.16;44.43;105.13;31.11;82.69;24.47;0;1
562f2f09-c4c9-402e-a682-306929fab8d2;PPS vs SSG -2-2020-08-24.00.04;Urban Central (Dawn);2020-08-24 00:04:25;win;THE PEEPS;SPACESTATION;AYYJAYY;23;Octane;342;0;2;2;1;7;2;1;0;381;46.63;2271;1554;717;18;64;191;0;191;0;17;44.84;39;194;287;11;1359;466127;215.47;59;112.48;30.8;37.24;10.2;214.47;58.73;143.34;39.25;7.38;2.02;13.29;0.11;118;148;40.22;113.2;30.76;72.32;19.8;292.87;80.2;72.32;19.8;255.05;69.84;110.14;30.16;177.75;48.67;145.2;39.76;42.24;11.57;1;1
562f2f09-c4c9-402e-a682-306929fab8d2;PPS vs SSG -2-2020-08-24.00.04;Urban Central (Dawn);2020-08-24 00:04:25;win;THE PEEPS;SPACESTATION;Allushin;4284;Fennec;467;2;0;1;4;7;2;0;50;423;42.8;2577;1808;769;21;70;766;494;272;6;26;43.67;20.26;367;291;105;1496;516944;188.81;51.28;128.22;34.82;51.2;13.9;220.8;59.96;132.98;36.11;14.44;3.92;11.81;0.11;111;98.6;26.79;108.6;29.51;85.45;23.21;282.77;76.79;85.45;23.21;234.94;63.8;133.29;36.2;177.96;48.33;112.32;30.5;77.95;21.17;1;0
562f2f09-c4c9-402e-a682-306929fab8d2;PPS vs SSG -2-2020-08-24.00.04;Urban Central (Dawn);2020-08-24 00:04:25;win;THE PEEPS;SPACESTATION;Gyro.;23;Octane;409;1;1;1;1;7;2;1;100;463;43.05;2587;1969;618;22;56;787;562;225;6;21;64.03;32.22;666;248;51;1592;545105;142.68;39.07;156.35;42.81;66.16;18.12;201.62;55.21;145.9;39.95;17.66;4.84;5.47;0.09;58;106.6;28.97;125;33.97;102.46;28.06;262.73;71.94;102.46;28.06;219.02;59.97;146.17;40.03;170.68;46.74;98.6;27;95.9;26.26;0;1
562f2f09-c4c9-402e-a682-306929fab8d2;PPS vs SSG -2-2020-08-24.00.04;Urban Central (Dawn);2020-08-24 00:04:25;loss;SPACESTATION;THE PEEPS;Arsenal;4284;Fennec;352;1;1;0;4;6;3;1;25;418;50.74;2524;1872;652;24;57;969;664;305;7;27;34.29;48.53;524;539;35;1515;518077;167.4;45.89;148.41;40.69;48.95;13.42;222.47;60.99;126.63;34.72;15.65;4.29;10.73;0.13;80;101.3;27.53;128.2;34.84;106.76;29.27;257.99;70.73;106.76;29.27;223.42;61.25;141.33;38.75;175.71;48.17;101.12;27.72;87.92;24.1;1;1
562f2f09-c4c9-402e-a682-306929fab8d2;PPS vs SSG -2-2020-08-24.00.04;Urban Central (Dawn);2020-08-24 00:04:25;loss;SPACESTATION;THE PEEPS;Retals;23;Octane;323;1;0;1;0;6;3;0;0;314;49.56;1995;1357;638;16;58;315;200;115;2;12;49.15;48.98;195;269;6;1490;509516;181.69;49.75;143.71;39.35;39.79;10.9;229.26;62.78;125.64;34.4;10.28;2.82;7.24;0.12;61;98.2;26.68;122.5;33.29;124.07;33.97;241.12;66.03;124.07;33.97;238.17;65.22;127.01;34.78;169.66;46.46;124.99;34.23;70.54;19.32;0;1
562f2f09-c4c9-402e-a682-306929fab8d2;PPS vs SSG -2-2020-08-24.00.04;Urban Central (Dawn);2020-08-24 00:04:25;loss;SPACESTATION;THE PEEPS;Sypical;23;Octane;376;0;0;2;3;6;3;2;0;391;47.1;2347;1574;773;18;72;509;279;230;3;23;60.68;24.12;372;261;33;1476;508752;184.12;50.08;130.98;35.63;52.56;14.3;216.72;58.95;139.93;38.06;11;2.99;8.14;0.1;78;151.1;41.06;99.9;27.15;88.03;23.94;279.63;76.06;88.03;23.94;243.8;66.31;123.86;33.69;173.53;47.2;137.91;37.51;56.21;15.29;1;0
22446740-fba2-47e2-b66d-0e230919b22b;PPS vs SSG -3-2020-08-24.00.11;Neo Tokyo (Standard);2020-08-24 00:11:47;win;THE PEEPS;SPACESTATION;AYYJAYY;23;Octane;274;1;0;1;4;3;0;0;25;428;51.43;2399;1692;707;23;43;356;199;157;3;10;50.65;41.4;203;608;100;1525;492823;153.74;45.24;135.57;39.9;50.5;14.86;200.57;59.02;115.69;34.05;23.55;6.93;12.04;0.12;103;116.2;34.18;103.2;30.35;74.03;21.79;265.78;78.21;74.03;21.79;234.31;68.95;105.5;31.05;158.32;46.59;130.51;38.41;50.98;15;0;0
22446740-fba2-47e2-b66d-0e230919b22b;PPS vs SSG -3-2020-08-24.00.11;Neo Tokyo (Standard);2020-08-24 00:11:47;win;THE PEEPS;SPACESTATION;Allushin;4284;Fennec;559;2;1;2;4;3;0;0;50;438;48.4;2578;1743;835;20;74;662;373;289;4;25;36;23.38;252;246;26;1554;498169;144.19;42.81;143.39;42.58;49.2;14.61;191.76;56.94;119.72;35.55;25.3;7.51;8.78;0.1;87;93.9;27.62;111.2;32.71;75.46;22.41;261.31;77.59;75.46;22.41;224.99;66.81;111.78;33.19;161.78;48.04;113.71;33.76;61.29;18.2;1;1
22446740-fba2-47e2-b66d-0e230919b22b;PPS vs SSG -3-2020-08-24.00.11;Neo Tokyo (Standard);2020-08-24 00:11:47;win;THE PEEPS;SPACESTATION;Gyro.;23;Octane;256;0;2;0;1;3;0;0;0;437;40.65;2295;1668;627;19;56;218;21;197;1;18;59.61;40.23;467;249;78;1576;511725;141.12;41.52;145.73;42.87;53.06;15.61;207.48;61.04;116.58;34.3;15.85;4.66;7.17;0.11;66;118.4;34.82;111.3;32.74;79.18;23.29;260.73;76.71;79.18;23.29;221.66;65.21;118.25;34.79;160.61;47.25;105.57;31.06;73.72;21.69;3;0
22446740-fba2-47e2-b66d-0e230919b22b;PPS vs SSG -3-2020-08-24.00.11;Neo Tokyo (Standard);2020-08-24 00:11:47;loss;SPACESTATION;THE PEEPS;Retals;23;Octane;322;0;0;3;2;9;3;1;0;371;52.19;2012;1561;451;18;39;320;192;128;2;11;23.45;44.12;347;252;7;1499;477812;158.87;47.6;135.23;40.52;39.67;11.89;200.2;59.98;114.87;34.42;18.7;5.6;6.37;0.11;60;94.5;27.79;123.6;36.35;101.54;30.42;232.23;69.58;101.54;30.42;222.3;66.6;111.47;33.4;164.71;49.35;112.38;33.67;56.68;16.98;1;2
22446740-fba2-47e2-b66d-0e230919b22b;PPS vs SSG -3-2020-08-24.00.11;Neo Tokyo (Standard);2020-08-24 00:11:47;loss;SPACESTATION;THE PEEPS;Arsenal;4284;Fennec;275;0;0;1;0;9;3;1;0;374;49.05;2026;1451;575;18;52;389;149;240;2;21;50.8;52.58;239;321;0;1503;479574;161;48.24;118.19;35.41;54.59;16.36;172.69;51.74;140.43;42.07;20.65;6.19;9.08;0.12;76;111.5;32.79;108.5;31.91;93.31;27.96;240.46;72.04;93.31;27.96;229.02;68.62;104.75;31.38;176.79;52.97;89.16;26.71;67.82;20.32;0;2
22446740-fba2-47e2-b66d-0e230919b22b;PPS vs SSG -3-2020-08-24.00.11;Neo Tokyo (Standard);2020-08-24 00:11:47;loss;SPACESTATION;THE PEEPS;Sypical;23;Octane;182;0;0;1;1;9;3;1;0;430;51.98;2339;1633;706;21;63;165;25;140;1;12;34.26;44.33;490;493;78;1585;512066;138.82;40.85;140.18;41.25;60.8;17.89;189.58;55.79;136.28;40.1;13.95;4.11;7.88;0.12;66;133.2;39.18;93.6;27.53;72.81;21.43;267;78.57;72.81;21.43;245.71;72.31;94.1;27.69;188.62;55.51;98.45;28.97;52.74;15.52;0;0
a67c9077-a968-49a5-894b-673c6b1a66d7;PPS vs SSG -4-2020-08-24.00.19;Utopia Coliseum (Dusk);2020-08-24 00:19:25;loss;THE PEEPS;SPACESTATION;Allushin;4284;Fennec;182;0;0;2;4;8;2;2;0;389;52.25;2099;1543;556;18;48;669;500;169;5;14;53.17;21.58;120;230;0;1424;448485;172.96;52.46;130.01;39.43;26.76;8.12;186.02;56.42;130.54;39.59;13.16;3.99;8.87;0.09;100;100.6;30.21;101.9;30.6;111.41;33.79;218.32;66.21;111.41;33.79;232.37;70.47;97.36;29.53;177.47;53.82;97.9;29.69;54.36;16.49;0;1
a67c9077-a968-49a5-894b-673c6b1a66d7;PPS vs SSG -4-2020-08-24.00.19;Utopia Coliseum (Dusk);2020-08-24 00:19:25;loss;THE PEEPS;SPACESTATION;AYYJAYY;23;Octane;395;1;0;2;2;8;2;0;50;337;41.88;1854;998;856;12;59;406;251;155;3;13;48.79;21.68;181;209;48;1428;446466;166.95;51.11;121.79;37.28;37.91;11.61;198.55;60.78;118.3;36.22;9.8;3;9.67;0.12;78;104.3;31.32;110.4;33.15;96.79;29.63;229.87;70.37;96.79;29.63;213.1;65.24;113.56;34.76;165.15;50.56;104.75;32.07;56.75;17.37;0;2
a67c9077-a968-49a5-894b-673c6b1a66d7;PPS vs SSG -4-2020-08-24.00.19;Utopia Coliseum (Dusk);2020-08-24 00:19:25;win;SPACESTATION;THE PEEPS;Retals;23;Octane;428;1;0;3;2;8;1;0;50;353;53.8;2085;1569;516;20;43;344;145;199;2;14;31.9;72.14;332;466;63;1501;474795;164.51;49.44;131.58;39.54;36.65;11.01;210.09;63.14;110.83;33.31;11.81;3.55;6.37;0.13;49;136.4;40.96;87.4;26.25;63.88;19.2;268.85;80.8;63.88;19.2;205.06;61.63;127.67;38.37;143.46;43.12;122.17;36.72;67.1;20.17;1;0
a67c9077-a968-49a5-894b-673c6b1a66d7;PPS vs SSG -4-2020-08-24.00.19;Utopia Coliseum (Dusk);2020-08-24 00:19:25;win;SPACESTATION;THE PEEPS;Arsenal;4284;Fennec;164;0;0;1;4;8;1;1;0;418;57.08;2285;1702;583;23;53;659;418;241;5;22;23.04;59.48;338;603;105;1596;504460;134.81;40.52;143.91;43.26;53.98;16.22;207.47;62.36;114.95;34.55;10.28;3.09;9.56;0.11;88;81.2;24.38;143.6;43.12;103.96;31.25;228.74;68.75;103.96;31.25;184.56;55.48;148.13;44.52;127.6;38.35;103.41;31.08;101.68;30.56;2;0
a67c9077-a968-49a5-894b-673c6b1a66d7;PPS vs SSG -4-2020-08-24.00.19;Utopia Coliseum (Dusk);2020-08-24 00:19:25;win;SPACESTATION;THE PEEPS;Sypical;23;Octane;360;1;1;2;2;8;1;0;50;408;50.9;2255;1750;505;22;48;524;390;134;4;12;34.68;39.53;311;484;10;1574;490304;139.26;42.63;131.3;40.19;56.13;17.18;178.48;54.63;121.04;37.05;27.18;8.32;9.81;0.12;85;104;31.23;88.7;26.64;69.46;21.26;257.24;78.74;69.46;21.26;205.07;62.77;121.62;37.23;149.85;45.87;110.71;33.89;66.13;20.24;1;2
a67c9077-a968-49a5-894b-673c6b1a66d7;PPS vs SSG -4-2020-08-24.00.19;Utopia Coliseum (Dusk);2020-08-24 00:19:25;loss;THE PEEPS;SPACESTATION;Gyro.;23;Octane;264;0;1;2;2;8;2;0;0;409;42.06;2375;1815;560;21;50;212;100;112;1;10;77.53;23.52;536;284;0;1493;469312;165.18;50.1;126.74;38.44;37.77;11.46;185.59;56.29;120.86;36.66;23.24;7.05;6.97;0.11;65;119.9;36.01;109.3;32.82;103.49;31.39;226.2;68.61;103.49;31.39;229.61;69.64;100.08;30.36;176.27;53.47;100.93;30.61;52.49;15.92;2;1
ae40bced-60c4-402e-9b9b-006adce284aa;PPS vs SSG -5-2020-08-24.00.26;Mannfield (Night);2020-08-24 00:26:07;win;SPACESTATION;THE PEEPS;Retals;23;Octane;466;0;1;4;1;10;0;0;0;369;40.72;1907;1157;750;16;50;761;549;212;6;18;54.98;35.06;401;354;50;1434;447381;157.2;49.23;123.06;38.54;39.07;12.23;182.62;57.19;123.19;38.58;13.51;4.23;5.1;0.11;45;96.1;29.84;123.6;38.39;88.61;27.75;230.72;72.25;88.61;27.75;200.44;62.77;118.89;37.23;158.84;49.74;76.43;23.93;84.06;26.32;1;1
ae40bced-60c4-402e-9b9b-006adce284aa;PPS vs SSG -5-2020-08-24.00.26;Mannfield (Night);2020-08-24 00:26:07;loss;THE PEEPS;SPACESTATION;Gyro.;23;Octane;219;0;0;1;3;6;1;0;0;431;44.68;2225;1481;744;17;59;664;534;130;6;11;27.92;24.92;408;230;66;1483;453200;147.86;47.2;128.04;40.88;37.33;11.92;202.11;64.53;106.01;33.85;5.1;1.63;8.41;0.11;74;127.9;39.72;96.4;29.94;86.29;27.55;226.94;72.45;86.29;27.55;215.04;68.65;98.18;31.35;158.83;50.71;91.44;29.19;62.95;20.1;0;3
ae40bced-60c4-402e-9b9b-006adce284aa;PPS vs SSG -5-2020-08-24.00.26;Mannfield (Night);2020-08-24 00:26:07;loss;THE PEEPS;SPACESTATION;AYYJAYY;23;Octane;156;0;0;1;4;6;1;1;0;393;55.45;2079;1484;595;25;55;707;576;131;8;13;27.44;46.26;260;783;142;1448;453136;156.94;49.13;129.35;40.49;33.18;10.39;189.61;59.35;120.48;37.71;9.38;2.94;8.94;0.12;77;100.5;31.21;101.1;31.4;96.18;30.11;223.29;69.89;96.18;30.11;204.28;63.94;115.19;36.06;148.94;46.62;107.08;33.52;63.45;19.86;0;1
ae40bced-60c4-402e-9b9b-006adce284aa;PPS vs SSG -5-2020-08-24.00.26;Mannfield (Night);2020-08-24 00:26:07;loss;THE PEEPS;SPACESTATION;Allushin;4284;Fennec;279;0;0;2;3;6;1;0;0;416;53.58;2175;1343;832;19;71;554;287;267;4;24;24.59;29.23;414;549;134;1519;474163;141.97;44.45;130.13;40.75;47.27;14.8;201.1;62.97;110.86;34.71;7.4;2.32;8.44;0.09;92;98.8;30.68;117.7;36.55;104.28;32.65;215.09;67.35;104.28;32.65;183.51;57.46;135.85;42.54;136.84;42.85;105.85;33.14;76.68;24.01;2;1
ae40bced-60c4-402e-9b9b-006adce284aa;PPS vs SSG -5-2020-08-24.00.26;Mannfield (Night);2020-08-24 00:26:07;win;SPACESTATION;THE PEEPS;Sypical;23;Octane;251;0;0;2;3;10;0;0;0;406;44;2204;1474;730;16;65;628;372;256;4;23;51.31;32.4;338;150;27;1546;486370;141.06;43.74;131.49;40.78;49.91;15.48;197.04;61.1;111.69;34.64;13.74;4.26;8.08;0.12;69;94.4;29.32;104.4;32.42;76.36;23.68;246.11;76.32;76.36;23.68;203.41;63.08;119.05;36.92;143.9;44.62;110.75;34.34;67.82;21.03;4;0
ae40bced-60c4-402e-9b9b-006adce284aa;PPS vs SSG -5-2020-08-24.00.26;Mannfield (Night);2020-08-24 00:26:07;win;SPACESTATION;THE PEEPS;Arsenal;4284;Fennec;427;1;0;3;2;10;0;0;50;377;55.24;1924;1294;630;17;50;253;153;100;2;9;14.75;53.31;321;431;46;1428;443078;167.67;52.5;111.79;35;39.93;12.5;191.99;60.11;114.03;35.7;13.37;4.19;6.74;0.12;56;130.7;40.59;87.6;27.2;49.51;15.5;269.89;84.5;49.51;15.5;233.8;73.2;85.59;26.8;180.29;56.45;88.38;27.67;50.73;15.88;0;1
9eac19e7-0f99-4291-a6d5-12e2e307109e;PPS vs SSG -6-2020-08-24.00.35;Wasteland (Standard, Night);2020-08-24 00:35:03;win;THE PEEPS;SPACESTATION;AYYJAYY;23;Octane;325;0;0;3;2;14;2;0;0;370;46.11;2660;1818;842;21;62;401;132;269;2;19;67.85;31.36;273;294;67;1376;554512;235.43;55.32;142.35;33.45;47.83;11.24;254.92;59.9;151.59;35.62;19.09;4.49;14.72;0.13;112;150.6;34.86;108.6;25.14;108.48;25.49;317.13;74.51;108.48;25.49;296.21;69.6;129.4;30.4;234.83;55.17;119.26;28.02;71.52;16.8;1;2
9eac19e7-0f99-4291-a6d5-12e2e307109e;PPS vs SSG -6-2020-08-24.00.35;Wasteland (Standard, Night);2020-08-24 00:35:03;win;THE PEEPS;SPACESTATION;Allushin;4284;Fennec;683;1;1;4;4;14;2;1;25;391;40.64;2765;1738;1027;19;90;745;400;345;4;30;81.06;15.05;384;161;0;1487;601906;213.21;50.08;168.48;39.57;44.05;10.35;249.34;58.57;164.3;38.59;12.1;2.84;12.68;0.1;128;145.6;33.7;148.8;34.44;118.4;27.81;307.34;72.19;118.4;27.81;290.45;68.22;135.29;31.78;232.9;54.7;117.69;27.64;75.15;17.65;0;2
9eac19e7-0f99-4291-a6d5-12e2e307109e;PPS vs SSG -6-2020-08-24.00.35;Wasteland (Standard, Night);2020-08-24 00:35:03;loss;SPACESTATION;THE PEEPS;Arsenal;4284;Fennec;421;1;1;1;2;11;3;2;50;425;56.07;3161;2360;801;33;70;945;674;271;9;24;27.56;79.21;591;883;231;1463;593864;220.88;51.53;146.63;34.21;61.1;14.26;259.24;60.48;155.7;36.33;13.67;3.19;11.61;0.12;94;153.8;35.6;123.9;28.68;94.45;22.04;334.16;77.96;94.45;22.04;262.16;61.17;166.45;38.83;205.11;47.85;123.55;28.83;99.95;23.32;3;1
9eac19e7-0f99-4291-a6d5-12e2e307109e;PPS vs SSG -6-2020-08-24.00.35;Wasteland (Standard, Night);2020-08-24 00:35:03;loss;SPACESTATION;THE PEEPS;Retals;23;Octane;278;0;0;1;6;11;3;1;0;367;53.23;2691;1880;811;25;70;547;327;220;4;20;48.08;45.97;451;624;72;1565;640713;191.81;44.44;179.33;41.55;60.46;14.01;278.49;64.52;130.68;30.28;22.44;5.2;8.94;0.14;65;116.8;27.04;180.9;41.88;144.39;33.45;287.22;66.55;144.39;33.45;257.48;59.66;174.13;40.34;173.17;40.12;149.41;34.62;109.02;25.26;4;0
9eac19e7-0f99-4291-a6d5-12e2e307109e;PPS vs SSG -6-2020-08-24.00.35;Wasteland (Standard, Night);2020-08-24 00:35:03;loss;SPACESTATION;THE PEEPS;Sypical;23;Octane;423;1;1;1;6;11;3;0;16.67;446;51.17;2907;2166;741;27;70;419;231;188;3;18;32.52;34.57;329;557;80;1469;587167;205.68;48.69;154.69;36.62;62.03;14.69;261.08;61.81;138.05;32.68;23.28;5.51;10.27;0.11;90;146;33.8;105.7;24.47;90.87;21.51;331.53;78.49;90.87;21.51;272.71;64.56;149.69;35.44;193.95;45.92;148.18;35.08;80.27;19;0;3
9eac19e7-0f99-4291-a6d5-12e2e307109e;PPS vs SSG -6-2020-08-24.00.35;Wasteland (Standard, Night);2020-08-24 00:35:03;win;THE PEEPS;SPACESTATION;Gyro.;23;Octane;616;2;1;2;5;14;2;1;40;405;42.03;2766;2054;712;22;63;528;265;263;3;23;83.53;28.32;555;148;34;1511;602590;198.4;47.2;159.83;38.02;62.15;14.78;249.85;59.43;155.56;37;14.98;3.56;6.81;0.1;69;122.3;28.31;155.1;35.9;121.17;28.82;299.21;71.18;121.17;28.82;275.36;65.5;145.02;34.5;212.05;50.44;123.06;29.27;85.28;20.29;3;3
e6b4e291-9ca7-4377-8dec-0eccbd96c6d1;PPS vs SSG -7-2020-08-24.00.41;Champions Field;2020-08-24 00:41:30;win;SPACESTATION;THE PEEPS;Sypical;23;Octane;180;0;1;1;1;3;0;0;0;446;52.21;2280;1528;752;19;60;570;256;314;3;20;35.13;33.39;462;396;43;1566;467980;128.68;41.9;133.14;43.36;45.27;14.74;187.87;61.18;108.64;35.38;10.58;3.45;7.9;0.11;74;131.8;41.71;103.4;32.72;70.03;22.8;237.06;77.2;70.03;22.8;176.62;57.51;130.47;42.49;116.18;37.83;115.46;37.6;75.46;24.57;0;3
e6b4e291-9ca7-4377-8dec-0eccbd96c6d1;PPS vs SSG -7-2020-08-24.00.41;Champions Field;2020-08-24 00:41:30;loss;THE PEEPS;SPACESTATION;AYYJAYY;23;Octane;191;0;0;1;0;7;1;0;0;347;44.8;1929;1038;891;12;58;467;271;196;3;11;36.42;25.18;108;161;28;1329;404950;188.37;60.16;97.54;31.15;27.19;8.68;189.16;60.42;115.33;36.83;8.61;2.75;11.94;0.13;94;128.8;40.76;85.1;26.93;67.35;21.51;245.74;78.49;67.35;21.51;238.37;76.13;74.73;23.87;187;59.73;101.28;32.35;24.82;7.93;0;1
e6b4e291-9ca7-4377-8dec-0eccbd96c6d1;PPS vs SSG -7-2020-08-24.00.41;Champions Field;2020-08-24 00:41:30;loss;THE PEEPS;SPACESTATION;Allushin;4284;Fennec;130;0;0;1;0;7;1;1;0;406;51.38;2093;1401;692;19;60;542;367;175;4;15;28.42;21.84;352;505;32;1499;462677;156.4;49.48;111.65;35.32;48.05;15.2;198.81;62.89;100.88;31.91;16.41;5.19;9.94;0.1;96;90.9;28.77;119.7;37.88;94.58;29.92;221.52;70.08;94.58;29.92;222.12;70.27;93.98;29.73;173.97;55.04;90.18;28.53;51.94;16.43;4;0
e6b4e291-9ca7-4377-8dec-0eccbd96c6d1;PPS vs SSG -7-2020-08-24.00.41;Champions Field;2020-08-24 00:41:30;loss;THE PEEPS;SPACESTATION;Gyro.;23;Octane;340;0;0;3;3;7;1;0;0;424;47.51;2148;1758;390;21;34;365;342;23;4;2;60.51;33.25;282;349;57;1508;459286;134.03;42.82;138.5;44.24;40.5;12.94;189.87;60.66;109.28;34.91;13.88;4.43;4.21;0.11;40;99.5;31.49;104.3;33.01;82.96;26.5;230.07;73.5;82.96;26.5;227.46;72.66;85.57;27.34;178.32;56.97;93.27;29.8;41.44;13.24;0;1
e6b4e291-9ca7-4377-8dec-0eccbd96c6d1;PPS vs SSG -7-2020-08-24.00.41;Champions Field;2020-08-24 00:41:30;win;SPACESTATION;THE PEEPS;Arsenal;4284;Fennec;273;0;0;2;2;3;0;0;0;398;47.65;2062;1297;765;15;60;299;125;174;2;15;47.77;37.1;282;216;75;1515;467570;151.55;47.96;121.74;38.53;42.71;13.52;186.84;59.13;108.37;34.29;20.79;6.58;10.14;0.12;86;113.3;35.85;82.9;26.23;65.79;20.82;250.21;79.18;65.79;20.82;199.52;63.14;116.48;36.86;128.94;40.8;128.84;40.77;58.22;18.42;1;0
e6b4e291-9ca7-4377-8dec-0eccbd96c6d1;PPS vs SSG -7-2020-08-24.00.41;Champions Field;2020-08-24 00:41:30;win;SPACESTATION;THE PEEPS;Retals;23;Octane;284;1;0;0;4;3;0;0;25;431;53.82;2217;1550;667;21;56;577;321;256;5;24;35.47;52.41;443;576;180;1587;483995;131.91;42.15;120.69;38.57;60.32;19.28;195.22;62.39;97.55;31.17;20.15;6.44;6.64;0.13;52;69.2;21.9;125.8;39.81;94.4;30.17;218.52;69.83;94.4;30.17;161.38;51.57;151.54;48.43;109.01;34.84;112.65;36;91.27;29.17;1;1
0f305410-649a-4620-a72a-f5fac25ce743;NRG vs SSG -1-2020-08-24.01.05;DFH Stadium;2020-08-24 01:05:56;loss;NRG;SPACESTATION;GarrettG;4284;Fennec;343;0;0;4;2;15;2;1;0;344;50.75;1849;1126;723;14;67;330;191;139;2;14;23.02;26.35;197;278;15;1561;489488;142.36;43.88;135.82;41.87;46.22;14.25;194.91;60.08;118.26;36.45;11.23;3.46;8.45;0.12;69;107.6;32.91;109.7;33.55;121.76;37.54;202.63;62.46;121.76;37.54;225.38;69.48;99.02;30.52;174.17;53.69;94.58;29.16;55.65;17.15;0;1
0f305410-649a-4620-a72a-f5fac25ce743;NRG vs SSG -1-2020-08-24.01.05;DFH Stadium;2020-08-24 01:05:56;loss;NRG;SPACESTATION;Squishy;23;Octane;455;0;0;4;3;15;2;1;0;421;51.62;2171;1360;811;18;57;364;164;200;2;10;39.36;22.43;223;457;36;1519;470992;147.37;45.94;109.26;34.06;64.14;20;163.51;50.97;132.63;41.35;24.63;7.68;5.64;0.09;63;111.9;34.22;92.2;28.2;96.7;30.15;224.06;69.85;96.7;30.15;231.63;72.21;89.13;27.79;178.71;55.71;99.41;30.99;42.64;13.29;1;2
0f305410-649a-4620-a72a-f5fac25ce743;NRG vs SSG -1-2020-08-24.01.05;DFH Stadium;2020-08-24 01:05:56;loss;NRG;SPACESTATION;jstn.;23;Octane;133;0;0;1;1;15;2;0;0;328;41.72;1695;1121;574;12;49;220;100;120;1;10;40.13;30.43;218;80;0;1473;453314;151.38;47.18;128.35;40;41.11;12.81;170.26;53.07;137.33;42.8;13.24;4.13;6.44;0.07;86;106.8;32.66;115.5;35.32;129.09;40.24;191.74;59.76;129.09;40.24;212.5;66.23;108.33;33.77;173.97;54.22;71.16;22.18;75.7;23.6;1;1
0f305410-649a-4620-a72a-f5fac25ce743;NRG vs SSG -1-2020-08-24.01.05;DFH Stadium;2020-08-24 01:05:56;win;SPACESTATION;NRG;Arsenal;4284;Fennec;311;0;1;2;3;6;0;0;0;461;52.79;2497;1894;603;26;55;716;493;223;6;20;32.46;55.66;287;720;106;1529;481495;157.3;48.06;124.05;37.9;45.92;14.03;174.28;53.25;131.87;40.29;21.12;6.45;8.64;0.11;77;119.4;36.51;95.2;29.11;75.96;23.21;251.3;76.79;75.96;23.21;200.9;61.39;126.36;38.61;138.46;42.31;110.49;33.76;78.32;23.93;0;0
0f305410-649a-4620-a72a-f5fac25ce743;NRG vs SSG -1-2020-08-24.01.05;DFH Stadium;2020-08-24 01:05:56;win;SPACESTATION;NRG;Retals;23;Octane;533;2;0;3;7;6;0;0;28.57;358;50.17;2017;1260;757;16;58;620;262;358;4;23;58.1;32.02;281;369;146;1586;494815;135.75;41.86;141.9;43.75;46.66;14.39;190.63;58.78;106.95;32.98;26.71;8.24;7.12;0.12;60;88.2;26.97;125.8;38.47;88.31;27.23;235.99;72.77;88.31;27.23;174.45;53.79;149.85;46.21;111.07;34.25;120.73;37.23;92.5;28.52;1;1
0f305410-649a-4620-a72a-f5fac25ce743;NRG vs SSG -1-2020-08-24.01.05;DFH Stadium;2020-08-24 01:05:56;win;SPACESTATION;NRG;Sypical;23;Octane;196;0;0;1;5;6;0;0;0;448;52.36;2404;1561;843;20;68;629;375;254;4;22;35.03;41.51;472;466;29;1590;496496;132.91;40.98;130.87;40.35;60.58;18.68;190.5;58.73;113.75;35.07;20.12;6.2;7.12;0.11;62;109.7;33.55;95.9;29.33;62.38;19.23;261.98;80.77;62.38;19.23;190.71;58.79;133.66;41.21;131.6;40.57;110.07;33.93;82.69;25.49;3;1
ef0355d8-3e74-48e9-95c3-9df2daeabd41;NRG vs SSG -2-2020-08-24.01.13;Urban Central (Dawn);2020-08-24 01:13:31;loss;SPACESTATION;NRG;Sypical;23;Octane;391;0;0;3;5;9;3;2;0;384;41.11;2194;1440;754;15;62;740;479;261;5;15;54.87;32.29;348;105;27;1512;486586;168.96;49.82;109.09;32.17;61.1;18.02;174.69;51.51;141.58;41.75;22.88;6.75;5.55;0.09;59;113.4;33.45;127;37.46;99.93;29.46;239.22;70.54;99.93;29.46;232.68;68.61;106.47;31.39;167.82;49.48;110.35;32.54;60.98;17.98;1;0
ef0355d8-3e74-48e9-95c3-9df2daeabd41;NRG vs SSG -2-2020-08-24.01.13;Urban Central (Dawn);2020-08-24 01:13:31;win;NRG;SPACESTATION;GarrettG;4284;Fennec;114;0;0;0;0;8;0;0;0;433;53.18;2408;1701;707;22;64;540;263;277;4;24;34.59;31.67;437;539;143;1588;508790;148.26;44.11;113.86;33.88;73.96;22.01;189.65;56.43;130.55;38.84;15.88;4.73;8.41;0.13;66;92;27.14;124.5;36.73;90.46;26.92;245.62;73.08;90.46;26.92;186.03;55.35;150.05;44.65;137.14;40.81;119.57;35.58;79.37;23.62;1;1
ef0355d8-3e74-48e9-95c3-9df2daeabd41;NRG vs SSG -2-2020-08-24.01.13;Urban Central (Dawn);2020-08-24 01:13:31;win;NRG;SPACESTATION;Squishy;23;Octane;360;1;1;1;5;8;0;0;20;393;50.91;2128;1391;737;16;66;504;360;144;4;14;46.92;30.65;429;227;43;1616;524164;129.45;38.16;138.54;40.84;71.23;21;199.39;58.78;121.15;35.71;18.68;5.51;7.67;0.08;102;125.1;36.9;108.6;32.04;76.8;22.64;262.42;77.36;76.8;22.64;210.12;61.94;129.1;38.06;150.86;44.47;116.18;34.25;72.18;21.28;1;0
ef0355d8-3e74-48e9-95c3-9df2daeabd41;NRG vs SSG -2-2020-08-24.01.13;Urban Central (Dawn);2020-08-24 01:13:31;win;NRG;SPACESTATION;jstn.;23;Octane;588;2;0;3;4;8;0;0;50;406;52.46;2418;1799;619;22;56;767;546;221;6;21;13.66;43.37;406;409;54;1514;492295;163.97;48.34;106.74;31.47;68.48;20.19;192.4;56.72;133.75;39.43;13.04;3.84;8.04;0.09;92;110.5;32.6;92.1;27.17;62.99;18.57;276.19;81.43;62.99;18.57;205.92;60.71;133.26;39.29;158.8;46.82;93.75;27.64;86.63;25.54;0;0
ef0355d8-3e74-48e9-95c3-9df2daeabd41;NRG vs SSG -2-2020-08-24.01.13;Urban Central (Dawn);2020-08-24 01:13:31;loss;SPACESTATION;NRG;Retals;23;Octane;322;0;0;1;1;9;3;1;0;368;59.61;2140;1612;528;23;48;558;378;180;5;15;25.12;58.48;283;638;121;1478;473461;165.14;49.14;135.15;40.21;35.79;10.65;203.37;60.51;119.82;35.65;12.89;3.84;8.18;0.11;73;127.5;37.61;101.9;30.06;98.74;29.38;237.34;70.62;98.74;29.38;234.8;69.87;101.25;30.13;177.42;52.79;97.96;29.15;60.71;18.06;0;1
ef0355d8-3e74-48e9-95c3-9df2daeabd41;NRG vs SSG -2-2020-08-24.01.13;Urban Central (Dawn);2020-08-24 01:13:31;loss;SPACESTATION;NRG;Arsenal;4284;Fennec;162;0;0;1;2;9;3;0;0;384;54.31;2185;1570;615;20;50;427;227;200;3;17;23.88;60.71;315;455;73;1439;463014;182.95;54.45;109.81;32.68;43.25;12.87;198.88;59.19;121.78;36.24;15.36;4.57;8.99;0.12;78;86.7;25.58;95.9;28.29;114.74;34.15;221.28;65.85;114.74;34.15;226.16;67.31;109.85;32.69;167.64;49.89;104.56;31.12;63.82;18.99;0;1
c4028365-3983-4a99-96ac-f24a476ac6c9;NRG vs SSG -3-2020-08-24.01.22;Neo Tokyo (Standard);2020-08-24 01:22:34;loss;NRG;SPACESTATION;Squishy;23;Octane;218;0;0;0;5;3;1;0;0;403;52.21;2269;1589;680;20;61;335;178;157;2;13;31.13;47.54;322;435;21;1582;501066;131.72;40.17;134.38;40.98;61.79;18.84;190.81;58.19;123.55;37.68;13.54;4.13;8.04;0.09;88;143.6;43.38;80.1;24.2;70;21.35;257.89;78.65;70;21.35;212.9;64.93;114.99;35.07;150.32;45.84;108.55;33.11;69.02;21.05;1;1
c4028365-3983-4a99-96ac-f24a476ac6c9;NRG vs SSG -3-2020-08-24.01.22;Neo Tokyo (Standard);2020-08-24 01:22:34;loss;NRG;SPACESTATION;jstn.;23;Octane;279;0;0;1;4;3;1;0;0;443;51.46;2389;1971;418;25;38;641;431;210;5;19;25.82;38.02;523;456;76;1489;475408;165.72;50.09;113.73;34.37;51.42;15.54;189.85;57.38;126.64;38.27;14.38;4.35;6.91;0.1;72;79.5;24.02;133.6;40.36;94.73;28.63;236.14;71.37;94.73;28.63;168.11;50.81;162.76;49.19;123.66;37.37;97.95;29.6;109.26;33.02;0;0
c4028365-3983-4a99-96ac-f24a476ac6c9;NRG vs SSG -3-2020-08-24.01.22;Neo Tokyo (Standard);2020-08-24 01:22:34;win;SPACESTATION;NRG;Arsenal;4284;Fennec;627;1;0;4;1;13;0;0;100;417;53.44;2328;1854;474;23;40;571;440;131;5;11;36.3;57.41;421;451;59;1374;438265;183.15;55.86;96.79;29.52;47.93;14.62;179.56;54.77;123.63;37.71;24.68;7.53;6.87;0.14;50;110.1;33.26;99.6;30.09;100.53;30.66;227.34;69.34;100.53;30.66;227.28;69.32;100.58;30.68;180.96;55.19;81.87;24.97;65.04;19.84;0;1
c4028365-3983-4a99-96ac-f24a476ac6c9;NRG vs SSG -3-2020-08-24.01.22;Neo Tokyo (Standard);2020-08-24 01:22:34;win;SPACESTATION;NRG;Retals;23;Octane;505;0;1;5;2;13;0;0;0;371;50.59;2027;1354;673;16;55;177;45;132;1;13;35.79;31.69;152;269;54;1500;480897;150.07;45.35;139.34;42.11;41.52;12.55;200.94;60.72;113.18;34.2;16.81;5.08;8;0.12;69;93.7;28.31;119.7;36.16;112.02;33.85;218.91;66.15;112.02;33.85;236.01;71.32;94.92;28.68;177.43;53.62;102.33;30.92;51.17;15.46;0;0
c4028365-3983-4a99-96ac-f24a476ac6c9;NRG vs SSG -3-2020-08-24.01.22;Neo Tokyo (Standard);2020-08-24 01:22:34;win;SPACESTATION;NRG;Sypical;23;Octane;341;0;0;2;0;13;0;0;0;416;49.21;2349;1673;676;20;62;296;200;96;2;8;44.77;37.29;312;363;0;1524;487030;150.54;45.47;122.86;37.11;57.64;17.41;197.1;59.54;115.4;34.86;18.53;5.6;6.7;0.12;58;122.7;37.07;100.8;30.45;93.43;28.22;237.6;71.78;93.43;28.22;229.89;69.45;101.14;30.55;163.34;49.34;123.85;37.41;43.84;13.24;1;0
c4028365-3983-4a99-96ac-f24a476ac6c9;NRG vs SSG -3-2020-08-24.01.22;Neo Tokyo (Standard);2020-08-24 01:22:34;loss;NRG;SPACESTATION;GarrettG;4284;Fennec;164;0;0;0;4;3;1;1;0;360;53.04;1868;1083;785;14;71;448;202;246;3;22;33.23;23.71;391;346;108;1608;512956;134.73;40.72;135.23;40.88;60.87;18.4;192.03;58.04;120.52;36.43;18.28;5.53;7.44;0.12;63;99.8;30.15;106.3;32.11;82.69;24.99;248.15;75.01;82.69;24.99;193.63;58.53;137.2;41.47;119.19;36.03;136.06;41.13;75.58;22.85;0;0
7d330187-1aac-48f2-a4fa-b1fafecffc6c;NRG vs SSG -5-2020-08-24.01.31;Mannfield (Night);2020-08-24 01:31:53;win;SPACESTATION;NRG;Retals;23;Octane;348;0;0;3;1;11;2;1;0;379;52.35;2268;1780;488;22;43;521;369;152;5;13;50.41;61.66;414;440;134;1501;507410;168.99;46.91;148.56;41.24;42.67;11.85;218.84;60.75;132.47;36.77;8.91;2.47;8.28;0.12;67;111.8;30.55;126.3;34.51;101.12;28.07;259.1;71.93;101.12;28.07;249.78;69.34;110.44;30.66;189.28;52.55;113.87;31.61;57.07;15.84;0;2
7d330187-1aac-48f2-a4fa-b1fafecffc6c;NRG vs SSG -5-2020-08-24.01.31;Mannfield (Night);2020-08-24 01:31:53;loss;NRG;SPACESTATION;GarrettG;4284;Fennec;226;1;0;0;3;7;3;0;33.33;395;51.58;2483;1515;968;18;88;845;489;356;6;32;22.19;31.08;427;321;140;1703;585964;119.44;32.61;172.51;47.1;74.28;20.28;209.85;57.3;145.96;39.85;10.42;2.85;8.21;0.11;74;99.8;27.27;136.6;37.32;118.98;32.49;247.24;67.51;118.98;32.49;201.09;54.91;165.14;45.09;137.93;37.66;132.88;36.28;95.41;26.05;3;0
7d330187-1aac-48f2-a4fa-b1fafecffc6c;NRG vs SSG -5-2020-08-24.01.31;Mannfield (Night);2020-08-24 01:31:53;win;SPACESTATION;NRG;Sypical;23;Octane;493;2;0;1;4;11;2;0;50;392;43.99;2268;1588;680;20;60;410;239;171;3;15;48.5;30.8;187;418;60;1502;498702;170.18;47.97;127.4;35.91;57.22;16.13;196.06;55.26;141.75;39.95;16.98;4.79;7.16;0.09;76;101.4;27.7;117.7;32.16;77.66;21.89;277.13;78.11;77.66;21.89;249.79;70.4;105.01;29.6;186.04;52.44;108.77;30.66;59.99;16.91;1;3
7d330187-1aac-48f2-a4fa-b1fafecffc6c;NRG vs SSG -5-2020-08-24.01.31;Mannfield (Night);2020-08-24 01:31:53;loss;NRG;SPACESTATION;Squishy;23;Octane;285;0;0;2;4;7;3;3;0;434;51.52;2664;2046;618;26;49;361;253;108;3;9;54.81;44.52;303;576;46;1613;553498;146.23;39.93;153.81;42;66.15;18.06;193.66;52.89;155.14;42.37;17.38;4.75;7.32;0.07;98;151.7;41.45;86.2;23.55;74.78;20.42;291.41;79.58;74.78;20.42;261.75;71.48;104.44;28.52;191.12;52.19;118.49;32.36;56.58;15.45;1;1
7d330187-1aac-48f2-a4fa-b1fafecffc6c;NRG vs SSG -5-2020-08-24.01.31;Mannfield (Night);2020-08-24 01:31:53;win;SPACESTATION;NRG;Arsenal;4284;Fennec;615;1;2;4;2;11;2;1;50;387;50.77;2351;1722;629;20;48;530;423;107;5;9;41.43;52.72;290;299;76;1422;485055;202.6;55.77;124;34.14;36.66;10.09;208.55;57.41;139.07;38.28;15.64;4.31;10.9;0.13;86;148.8;40.66;97.6;26.67;79.28;21.82;283.98;78.18;79.28;21.82;278.36;76.63;84.89;23.37;220.37;60.67;100.22;27.59;42.66;11.74;0;1
7d330187-1aac-48f2-a4fa-b1fafecffc6c;NRG vs SSG -5-2020-08-24.01.31;Mannfield (Night);2020-08-24 01:31:53;loss;NRG;SPACESTATION;jstn.;403;Dominus;346;1;1;0;4;7;3;0;25;399;54.1;2471;1872;599;23;52;314;100;214;1;18;32.1;47.54;213;451;1;1492;509277;181.29;49.81;134.84;37.04;47.86;13.15;216.56;59.5;119.09;32.72;28.34;7.79;8.2;0.08;98;90.5;24.73;119.2;32.57;111.15;30.54;252.85;69.46;111.15;30.54;214.37;58.89;149.63;41.11;153.07;42.05;129.88;35.68;81.05;22.27;2;0
b50aa468-8e3b-46e9-8e7b-fe0a7fbe5bd6;NRG vs SSG -6-2020-08-24.01.39;Utopia Coliseum (Dusk);2020-08-24 01:39:43;win;SPACESTATION;NRG;Sypical;23;Octane;231;0;0;2;1;9;1;1;0;384;47.19;2295;1417;878;18;70;239;94;145;1;13;43.98;37.66;370;319;5;1495;481961;153.77;45.55;135.02;39.99;48.81;14.46;201.11;59.57;123.75;36.65;12.75;3.78;8.84;0.11;79;128;36.99;100.3;28.99;72.5;21.48;265.1;78.52;72.5;21.48;243.72;72.19;93.89;27.81;185.64;54.99;96.41;28.56;55.56;16.46;0;3
b50aa468-8e3b-46e9-8e7b-fe0a7fbe5bd6;NRG vs SSG -6-2020-08-24.01.39;Utopia Coliseum (Dusk);2020-08-24 01:39:43;loss;NRG;SPACESTATION;Squishy;23;Octane;206;0;1;1;3;4;2;0;0;374;52.85;2227;1756;471;22;44;610;492;118;6;10;39.29;60.58;173;445;67;1622;534928;132.98;38.37;147.01;42.42;66.58;19.21;191.93;55.38;135;38.95;19.65;5.67;6.15;0.07;83;112.8;32.6;124.1;35.87;105.35;30.4;241.23;69.6;105.35;30.4;213.52;61.61;133.06;38.39;157.27;45.38;110.77;31.96;78.54;22.66;1;0
b50aa468-8e3b-46e9-8e7b-fe0a7fbe5bd6;NRG vs SSG -6-2020-08-24.01.39;Utopia Coliseum (Dusk);2020-08-24 01:39:43;loss;NRG;SPACESTATION;jstn.;4284;Fennec;290;1;0;0;3;4;2;1;33.33;414;52.6;2309;1787;522;22;46;440;273;167;4;14;30.99;50.5;321;337;126;1532;504745;154.71;45.02;132.83;38.65;56.11;16.33;202.44;58.91;123.48;35.93;17.72;5.16;8.01;0.08;95;87.4;25.26;112.9;32.63;101.89;29.65;241.76;70.35;101.89;29.65;204.02;59.37;139.62;40.63;158.72;46.19;100.25;29.17;84.67;24.64;2;1
b50aa468-8e3b-46e9-8e7b-fe0a7fbe5bd6;NRG vs SSG -6-2020-08-24.01.39;Utopia Coliseum (Dusk);2020-08-24 01:39:43;win;SPACESTATION;NRG;Arsenal;4284;Fennec;659;2;0;3;3;9;1;0;66.67;391;53.56;2183;1721;462;21;43;285;189;96;2;8;30.53;72.03;403;396;10;1499;491530;168.84;49.13;127.37;37.06;47.43;13.8;184.97;53.83;143.15;41.66;15.51;4.51;6.74;0.12;56;80.2;23.18;137.3;39.68;86.6;25.2;257.04;74.8;86.6;25.2;237.03;68.98;106.61;31.02;163.44;47.56;128.38;37.36;51.83;15.08;2;1
b50aa468-8e3b-46e9-8e7b-fe0a7fbe5bd6;NRG vs SSG -6-2020-08-24.01.39;Utopia Coliseum (Dusk);2020-08-24 01:39:43;win;SPACESTATION;NRG;Retals;23;Octane;506;0;2;3;0;9;1;0;0;388;47.34;2151;1679;472;21;43;337;187;150;2;15;26.37;52.64;323;349;27;1440;470078;174.38;51.19;116.46;34.19;49.78;14.61;202.82;59.55;113.11;33.21;24.68;7.25;9.07;0.12;78;139.6;40.35;94.2;27.23;69.89;20.52;270.71;79.48;69.89;20.52;242.31;71.14;98.3;28.86;184.92;54.29;98.09;28.8;57.6;16.91;1;2
b50aa468-8e3b-46e9-8e7b-fe0a7fbe5bd6;NRG vs SSG -6-2020-08-24.01.39;Utopia Coliseum (Dusk);2020-08-24 01:39:43;loss;NRG;SPACESTATION;GarrettG;4284;Fennec;231;0;0;1;3;4;2;1;0;430;49.05;2432;1572;860;20;74;145;0;145;0;13;40.5;24.95;374;441;0;1603;520894;129.13;38.04;151.73;44.7;58.56;17.25;191.67;56.47;128.8;37.95;18.95;5.58;6.71;0.12;56;133.5;38.58;92.2;26.65;63.06;18.58;276.37;81.42;63.06;18.58;241.9;71.27;97.52;28.73;174.99;51.56;118.66;34.96;45.77;13.48;3;2
